Fan-in,Fan-out,Propagation Delay (ns),Power Dissipation (mW),Noise Margin (V),Combinational Logic Depth
4,1,7.4370944279715845,47.186434416363184,0.24146413541490536,14
5,5,5.787283820481128,21.044393114613506,1.0690258783717845,10
3,2,8.434104889906893,31.96244478843787,0.18720851738208777,11
5,2,1.4837465286002662,19.939960458343435,0.8131909794097055,8
5,5,7.973146387412913,13.783338597198634,1.4953755953941674,9
2,4,2.096110468472671,49.20048463319543,1.2395583773084264,13
3,2,1.7201938343704748,20.52576691512065,0.9613072135234152,7
3,4,1.7262313995168304,44.71555026358881,0.5287550691012564,13
3,2,8.164289730290683,11.5747348339652,0.9734541708082938,7
5,2,6.685452484892381,10.733924730851657,0.8378580494763123,7
4,3,5.278347705214281,1.653590735937117,0.69651673744652,5
3,2,3.652421792822675,32.618174586256664,0.2829945274362793,10
6,1,8.784285354049771,18.489464551815683,1.3412459013366533,10
5,5,3.9852065634840907,43.23147666699789,0.7296985083498515,14
2,5,8.184334450768613,23.713174343908705,0.37247151654907107,10
4,4,4.447435594845162,48.412852052944615,0.6148630912282054,15
6,2,3.831749851306585,9.357723233585745,0.6797816535404978,7
6,1,4.680529878129104,43.44429608098498,1.258553053793624,13
2,4,3.083640954225007,38.852182954307914,1.1270601327859628,11
4,3,7.501332863744886,38.56900004773819,1.1770268510978756,13
5,4,5.0769318619155435,42.254683083032695,0.1154437702001061,14
1,4,2.3989056819534915,38.07509714805565,0.682615597451666,10
4,2,9.005788275418228,31.348394049407627,0.773881812289453,12
2,3,3.9005230915947933,6.649119396351139,0.12686918755227936,5
6,4,5.481173325028487,1.7230563566134707,0.46373849224304786,7
5,1,9.074073898549015,46.050307606002775,1.164405752370989,15
4,1,6.279956159548521,30.870850694584828,0.2919535880205987,10
1,5,1.2572906030128044,39.8472108197112,0.8494341840336282,11
1,3,9.404338023773404,24.127965340476248,0.40128262082413246,9
3,3,6.314309725407036,5.953678629223484,0.11696908450145059,6
3,5,3.4155655851051527,6.3467710309072665,0.437682040639358,6
2,4,1.478793519367534,34.30970783272567,1.4662232568740754,10
4,3,7.96084937377593,21.57226415548319,1.2221519566361854,10
4,1,6.238720283692284,10.106183862346802,1.4434073020494467,6
6,1,5.3812648105655825,24.630567882397703,0.7829956614969074,10
6,2,8.949536572204481,3.304025960049191,0.25363067814850493,7
6,3,7.907112391122855,29.1403729555285,0.86714328456317,12
3,4,1.6015813093542368,13.522770881311374,0.7361282683839452,6
4,5,3.1860484711759276,39.89819912179569,1.2820999158354625,13
4,5,2.560042484163211,15.58706175028633,0.2373156130979424,8
1,4,7.465068296469502,22.81548543918188,0.7835375918304894,9
3,2,0.4319711038842159,0.6798649414142217,0.31006813057157795,3
5,5,5.741907880226034,3.715099700948488,0.554546297646084,7
3,3,7.648340988832836,19.685428464693572,1.1322999083429195,9
5,2,8.77997980394132,24.048947852384465,0.7664253811162731,11
1,3,3.486609312287484,30.041025351153255,0.626243599204077,9
2,1,8.230447316252928,14.653962677594231,0.6522667899980493,7
4,2,1.1952541958565517,34.779596117714476,0.7432254757683813,10
1,5,8.47987768817173,43.02010761974131,1.1990231613718796,14
4,2,1.362137757086626,39.014564345778155,1.3489185645163282,11
6,2,4.033144176547636,2.0769793848830216,1.4374685611054996,5
2,2,7.9932241212175805,24.077296668165665,1.2016647407574133,9
2,2,1.5841825307528605,5.336015903066926,0.5415696540472178,3
1,3,2.369588812803151,12.17804629154012,1.063388588521159,5
2,1,7.250300427091356,49.33446340403061,0.7126443736775486,13
5,4,7.228361711806136,7.210527590785509,0.45653887086447165,8
2,2,6.447361565564443,24.99451885722267,1.2772202111962916,9
4,5,6.9700896002242905,30.945971142474143,0.15379688854725498,12
4,2,5.472971989141202,35.15300203015079,1.362466788989593,11
4,5,2.5928106831788327,28.026469305997015,0.7460684504746278,10
4,3,3.5223903356888027,0.5875652862172646,0.9920820675315926,4
5,5,1.8978173963341143,16.390419281375195,1.0230954910880958,8
3,4,9.09366055720292,25.933811004897102,1.353164836989151,11
6,1,5.875578768184592,4.484538307327184,0.9913375550340902,6
1,5,4.068429025960035,17.59628386733812,0.9595070186640864,7
4,5,4.673857456076913,1.7568351286891917,0.19331285678496596,6
2,1,9.478105062156972,4.021067008035534,0.8257712307232856,5
4,4,1.618178890849194,19.906471482459644,0.3102366011438583,8
2,2,5.903675336966293,6.722516126748711,1.1324072762100799,5
6,5,5.108297920956213,28.420288328251754,0.8171106891377442,12
6,1,6.153396930803013,34.50430195994956,1.0523188908916945,12
6,3,0.27929081982632104,40.049276285543236,0.15834206084333796,12
2,1,8.7340266985471,10.087497187816023,0.21870882246412449,6
4,3,9.327970996587762,8.45738085472758,1.1028527432877553,8
6,4,5.694818517533168,5.3179352326865725,0.20091807039814272,7
5,2,6.996843156381233,31.857869452227472,0.19975941887136203,12
2,1,9.232743873655227,35.35313875169637,0.11695186532884244,11
2,5,7.101662479702647,1.6761486267995378,1.439101957619272,5
4,4,1.6101365248511874,46.81699108756012,1.1325117032426097,13
2,1,5.80525476565145,2.693367054208473,0.5945519719028898,4
2,5,6.106478959190273,27.110687131523417,0.5151498138027173,10
6,1,4.298893645893622,35.48211992060073,0.5895845216441894,12
4,3,7.390797932684756,43.56135927492967,1.1845149436536546,14
6,1,9.350233446213247,35.73293791340815,1.02591885549858,13
6,1,9.263128277777085,40.106231345182614,0.3592737950144551,14
4,1,4.563309776900907,17.038564607886023,0.3437530694677181,7
1,4,1.221056653823477,40.75977317595096,0.23775390959875622,11
6,1,9.849927869727113,4.097730834595289,1.0244238075818735,7
5,5,8.405091055814747,44.75135113742033,1.1701217271104303,16
5,3,1.3341605439123418,27.42485957007144,0.4710649996550056,10
2,3,9.216334637911986,40.88315872112844,0.12932294544327794,13
5,1,8.71197398441507,22.670682397463178,0.21504033446699827,10
2,4,5.236496765548114,32.214526990306595,1.4550040487830427,10
1,4,5.953626813874799,26.36749278071205,0.5136226884683883,9
4,5,4.050126768314289,36.60631713559106,1.1769124069733872,12
4,1,0.6421402243381102,4.173336103326419,0.9745289963959692,3
4,3,3.4184526922944194,3.1115689911291335,0.6347154955140542,5
5,4,8.048249141120314,12.430451377106307,0.3879621670737772,9
1,1,0.1458570277455683,8.061279537648097,0.269940985423169,3
5,4,3.4016417997423276,43.601999972950864,0.9610181552544133,14
5,4,4.041870066550339,11.03877796916641,1.184487292892903,7
1,3,5.420216469085436,48.79567626537465,1.0014659549575828,13
1,2,9.206570602486329,16.91110000937823,0.8424229865488215,7
1,5,3.5288253442230166,9.187683992866093,0.15873171280429077,5
1,5,3.5348366987726543,39.50595550640971,1.4558842886321373,11
4,3,7.401262356286509,32.96951799749372,1.2181998683164044,12
3,4,4.576957614809091,24.959966251011636,0.5099508513813507,9
3,1,2.3235877471058215,27.8126411917878,1.4719584611023908,8
1,4,4.579151209713665,35.98816873578597,0.9426342254908509,11
3,3,1.4944845017600188,11.499891592431807,0.915391721490145,5
3,5,1.846231166411611,49.817062411231426,1.147302451201345,14
1,4,5.033840950120849,48.74217879112448,1.2364777033261927,13
3,5,4.247361950095024,32.551251748712154,1.0190700502641037,11
5,1,9.15697442057419,10.057168301364342,0.27933404491268,8
2,5,3.687699601254668,34.04338929732144,0.5735745083922977,11
2,5,5.84782466775263,3.7027006080608746,1.3993170964564696,5
1,2,6.359416450403351,1.6295598600697228,0.4144618565813927,3
4,2,0.229635120224503,12.958376136709562,0.6210338333725186,5
1,2,6.669019982965435,23.184885541291884,0.7049076361218743,8
4,5,1.8625560720105392,43.42679801987819,0.715166985572233,13
2,3,9.614596142947606,36.38573658133877,0.9581154154923357,12
1,5,1.5717610047558184,37.161055407879054,1.4203061728425908,10
6,3,4.204778824897534,21.33211738895896,0.43696979656550694,10
5,3,0.9449617139785742,17.36215612809345,0.2701019268212853,7
3,2,9.969055093274878,18.614834272931674,0.3764586858039122,9
4,4,5.071730602279302,49.38371323042929,1.3416948602929772,15
6,1,5.9943116714684335,2.1014486514828756,1.0041351377172885,6
3,2,0.7640571261454321,43.36487165651018,0.5002695049348241,11
3,2,7.52460865695186,28.97590288776243,1.2423257145560642,10
1,4,2.178065371646299,21.986909417560565,1.3059179949088104,7
3,1,8.990737465463067,36.29035725471531,1.2851200741663893,12
5,5,2.130882440771871,24.384780177092672,1.3864971470953762,10
6,5,1.9878084345702993,43.683819580274864,0.4531374282427062,14
3,2,0.4618417116961393,45.0450230141618,1.1570587002447896,11
1,1,4.773462756588993,21.143874250985426,0.744755296183796,6
5,2,5.691927219299902,13.913707082029072,1.2787979740460862,8
2,3,0.7505155303406884,29.658281396808775,1.1198869480262585,8
6,2,7.777723405280605,45.62693094627288,1.1870264250996145,15
3,2,4.587559464005473,10.612043231382762,1.0186265727535,6
1,5,5.291463666343042,31.18603251981779,0.3484002772575896,10
2,5,4.463551194688458,31.614854982616777,0.8630376864557135,11
2,5,4.0675543026657275,36.68233981852252,1.4785376353343116,11
4,3,5.640439279951357,6.665227487850264,1.4123432930959665,6
5,5,1.636878434714054,35.81966573763622,0.16044323011581635,12
3,1,1.9010884919031843,45.46072278121549,0.33074074202121195,12
1,4,8.631677648033822,9.066187132625073,0.28442028283638665,6
4,1,9.466543075122964,11.953411913701494,1.1163718739794137,8
5,1,3.7957622311695545,48.572615192677816,1.244899461799723,14
4,5,2.7803722641211825,9.13074994020354,0.39891591283494066,7
6,4,6.475595478066256,42.733816159142,0.8081937701325606,15
5,4,4.146468293871155,24.664665036756936,1.27698423921568,10
5,4,0.3513249210374142,12.436830612718534,1.125922162672751,7
3,3,1.6459107139252847,43.550420073498316,0.8591320876885875,12
5,5,7.188125065589236,22.32073222463301,0.926486766642282,11
4,4,6.623347024910498,25.78938596109154,0.8117047656827919,11
5,3,0.3682503257844866,18.025745133048307,0.5165678318463488,7
3,2,2.2975244031361997,29.68824748660288,0.8910307900026225,9
3,2,2.387640486221907,8.259841241992635,1.0644394228701268,5
6,3,6.7517381616274115,19.61496867892286,1.3226520822051309,10
4,3,0.29513432376820514,48.473674884530844,0.9908078955709472,13
2,5,1.130674961647281,12.980858291786264,1.1655701518604211,6
2,5,8.019169245194576,32.87115956061048,0.3241002889364022,12
5,2,1.8675921543379028,16.326984204812277,0.7461804641877058,7
6,4,6.562186467733559,38.696308971761376,0.11306426775793062,14
1,2,2.458009532362593,6.630595669845656,0.44535041033027223,3
5,4,1.0844697883175172,48.49407014941938,1.1170464011582069,14
6,4,2.5074046908945955,22.7440981150436,1.4885339318891089,10
4,5,7.250442625371026,11.878918120988551,0.23884933942210226,9
4,1,8.571395034252228,3.7674876917676317,0.6620920422058035,6
4,1,8.319176659213216,8.570919463868282,1.2200993561788234,6
4,3,4.032116943222703,26.036720032945283,0.38564988848045834,10
4,5,6.714042852049397,16.916458503921188,0.8771189290232007,9
6,4,2.1293445246166276,41.46127995754221,1.1262998144415448,13
6,1,3.0021625295840315,21.601287430724117,0.9623796303642506,9
3,4,8.973724603359086,12.510842202122731,0.3632346284615826,8
2,1,0.22871904275628677,30.8955348315411,0.5975383961600351,8
4,1,0.946534455459234,35.368183122583744,1.197308498279556,10
1,1,2.1580739259456707,8.435391204257398,0.8759171197848232,3
6,5,0.3626688183508152,8.464198892787051,0.10732145896007783,7
1,2,1.8962108073889936,1.9299042039837944,1.1653870640393313,2
1,4,5.872111453599953,36.846460551775465,0.1494358969163347,11
1,5,4.27210305086573,33.223845928328075,1.144027295823725,10
3,5,8.93744993966205,23.784080699915712,0.38347278423133235,11
6,5,8.192691261210564,42.22410540356294,1.4413028721671324,16
1,5,3.4839917818089723,40.30294063220765,0.6151170518229182,12
4,5,2.668291990969796,29.309182783397933,0.5577042628733108,11
5,3,3.8589548408559424,43.426736897611605,0.3084432704654225,14
1,4,5.943919930896596,10.371476380834736,0.5278459016863009,6
3,5,2.753830044146475,5.684789007946621,1.3273110665594807,5
6,4,6.279074187706427,13.560505614697782,1.4948680726781463,9
3,3,4.15317535669328,2.9486341188568113,0.6156333427095876,4
1,3,5.565267090434604,26.605359447251498,0.7280548833363595,9
6,4,4.417652638439635,46.836624045518576,1.1108993134838319,15
5,1,3.015211019464985,2.0632426793586314,1.3406740926511043,4
1,2,9.489687738925351,6.193284709100337,0.9302620678614978,5
3,1,7.659697362181632,22.664731511343422,0.648135977448961,9
2,1,1.4871204400878804,46.70036337464246,0.6776705771880732,11
4,1,8.697832961389336,15.876189638339849,1.0738654050955296,8
3,5,4.925568862670185,25.41101695355078,0.10450556904599016,10
6,3,8.956067046251505,2.1744856666145655,0.9674250724437768,7
1,1,8.018567033878421,7.502325728008234,0.5976902146179003,5
4,3,4.309613694245411,49.332843135646456,1.211876263787918,14
1,4,0.32244615236916224,48.25942295215867,0.23018689575238502,12
6,2,2.7599058579109665,0.3465050486270398,0.9234831737277467,5
1,4,5.462178725142582,47.59540809261962,0.7733620458405732,13
2,4,6.371434376278858,31.992084896993468,0.9992557362673182,11
4,5,2.6530880857887027,43.40912289654911,0.19079503227615568,13
4,2,1.4796251333209591,22.79151879612957,0.9119773023993837,8
6,4,8.36580934431306,25.828241826104588,0.8860784231433332,12
2,4,9.845581588965166,24.49344435482032,0.8849241321826392,10
3,2,5.30433280479659,33.37652645155061,0.9448827332350367,10
1,2,1.7996249298982048,7.068597612340013,1.0470551121169072,3
5,4,2.795842532541753,1.59568213464663,1.2269845995530777,5
1,2,0.2820676978199207,15.465704085400425,0.47774900817950006,4
1,4,9.15155818494894,35.26357006055867,1.255069174252087,12
3,4,1.2657357206123974,10.172487260935123,0.797557955168835,5
1,5,5.80751310759111,33.704278422913376,0.20788159078806362,11
2,1,2.8131466848033395,48.4986111007528,0.18197130094157088,12
2,4,5.586362224906354,4.785645717891977,0.567933646174485,5
4,3,6.549061844683456,33.6628456994338,1.1988557679560545,12
6,1,8.314443856701295,22.2431359432981,1.090753308637282,10
5,1,2.143570590429972,43.42029849343752,1.204060950541369,12
1,1,0.20885870371895673,8.939774493424556,0.8241766790182531,3
1,5,1.4551677376811922,34.66203501608561,0.7162785971376867,10
3,4,9.01018455429624,41.9219529534407,0.30643353738879753,14
6,5,8.751511767868902,47.23624955175376,0.5594698550530361,17
2,4,6.014389711486052,34.19407661165333,0.7076271126434253,11
5,5,6.045116918293168,24.90902072402052,0.2240406015514641,11
4,5,6.68386307800793,30.93057728604057,0.40885673379569576,12
2,3,1.8361756583721511,43.45835872548804,0.9375154116892342,11
6,5,9.152678264657101,28.5734263572776,1.1299283599348657,13
4,2,4.245828196431524,1.6163142788721594,1.4976865159501296,4
3,3,3.893071429670025,46.554339905798194,1.4063586638809809,13
3,5,5.237285282300092,34.5073848764749,0.9995912793492681,12
1,1,0.564963071073045,33.8580179502846,0.6897472746117007,8
6,2,1.7462053506851862,10.862190104646086,0.9906483105915257,6
5,2,7.406532802621068,32.978384964609596,1.1999122653123249,12
4,2,0.9197068124587521,19.75383384214251,0.26567066729274225,7
2,3,6.071205883717243,32.59652555437046,0.6738668455748035,10
6,5,2.5289561858450775,5.418992212368736,1.2757231998898642,7
6,5,3.954026579015568,32.926480699691496,0.6373661327062615,13
3,1,2.958067994029929,49.97074491595626,0.9006211797180611,13
1,1,3.6211598930029965,2.5057807391417457,0.9228771052070774,2
1,2,7.218554461324031,48.86099179264373,0.3582667543870951,13
4,1,3.041504984669433,20.404707240071243,0.6071296183132037,7
3,3,5.707405938939282,43.55059717182923,0.568315804238705,13
6,5,4.812898981771086,39.141035654507846,0.1366753919448907,14
5,2,6.670344537090217,28.394111423234722,0.13386846944789735,11
3,1,9.374614419315105,36.948615541641196,1.264375861146083,12
4,3,7.352463762381478,43.93792650893726,0.48229913396193735,14
4,3,2.227909748048492,20.266602050386545,0.8253102727343415,8
3,1,0.40871303710671825,16.41895476200561,0.5182158030242823,5
4,5,2.6964140385682684,33.41290993962288,1.4169509431614766,11
3,1,5.9912715139325226,40.4115125028688,0.46301546241208325,12
2,2,0.6091155534940784,38.138028225353125,0.701519537834509,10
3,1,5.014025847292239,39.91090107804586,1.3218223506784426,11
3,3,6.008744204277203,21.83560740916536,1.278706993508532,9
4,1,3.409014519087912,40.90992738713358,0.3605419849847883,12
4,5,7.732030817083637,6.098431862993361,1.2237006337139946,7
1,4,1.155322706024341,27.270005988246393,0.7414616414330496,8
1,1,0.8438640391845067,0.3873571588562663,0.7761564209194972,1
2,5,7.309068686415673,16.29683291202349,0.2868719613823213,8
1,5,5.005364030441364,18.386430590082753,0.2128421192599745,8
3,3,6.915183724634587,19.869017311301846,1.1191150297632713,9
4,5,4.404790652177088,34.803813613824126,0.7950456132974196,12
1,5,2.5393801290671574,19.489049253390252,0.7115909836612513,7
1,5,8.209112944974578,22.489811768864282,1.1213115201133554,9
2,5,8.014217201792896,11.95345213062894,1.1717180585875537,8
6,2,6.977495061458825,18.72526440230407,0.32247143473709494,10
2,2,2.794236858576631,11.440754400431258,0.9543152092686977,5
3,3,5.943283602003962,3.7524765960453377,0.2894957151887597,5
4,1,3.6736415797062656,30.212084809730758,1.151925120440664,9
2,5,1.006662525933678,33.44381864789531,1.0197372187739953,10
1,1,9.181404397076204,31.012568265879764,1.4392604695168412,10
4,1,1.4545044460977181,23.22835278564856,0.19654122289898965,7
4,3,9.507349802825944,19.05131043094357,0.17987660961175606,10
1,5,4.515457152283761,43.18034911363408,0.49506190457048016,12
2,5,1.9328159955023347,26.00218107829728,0.4663879572302684,9
1,4,5.464819379045745,24.011175693723576,0.44577031870079975,8
6,1,8.742163775176442,1.3795390837411408,1.3687564127294514,6
4,1,7.349026375454655,17.128266598545203,0.4493646797893085,8
5,2,8.084955363828353,19.07176137741427,0.4807296165800834,9
5,4,6.621955330436101,20.001256766755336,1.1631575673851493,10
3,2,6.9535379887267394,29.05060122444388,0.729635779430756,10
1,2,8.50703695049666,26.726767081671234,1.1873947797372537,9
1,2,2.571713287705941,30.434464130392886,0.19151262059013935,8
3,3,4.945307140067091,38.2676747509522,0.782599671142738,12
3,3,2.289973474014062,40.66798836193306,0.1470590402565957,12
3,2,9.877913279166805,35.93434150370207,0.18771448483749634,12
4,4,9.446187462897472,47.78063242815124,1.3690124346821753,16
6,1,0.4903254325482084,1.0098058755504453,0.2949435195646332,4
1,4,7.085194207905316,9.86932148560895,0.8453889551853039,6
4,5,9.259958342415091,0.4773874614092918,0.6755338436409891,7
3,3,1.887695916760602,32.40898823631469,0.5862806567623797,10
1,1,5.722657782471032,44.91172439260435,1.3597666839621814,11
4,1,9.163334146121613,12.249766599157333,0.1305527554856853,8
6,5,0.4360651879994085,46.3590237853357,1.0293055606458248,14
4,5,7.004460645743715,3.1073427754490863,1.4487522078989705,7
6,2,3.0437551729882526,46.72835773759516,0.8842354568465787,14
3,3,9.251522334227651,17.645972093257758,1.4115514468463286,9
6,3,9.71347662713714,5.160899339615904,0.17316103100043329,8
1,4,9.448238242222995,24.34500078339765,0.6863106467038259,10
3,2,4.794720744908891,12.913150729253346,0.4642209073468716,6
1,2,8.634222244794202,14.315157807899949,1.1231493509730217,7
5,2,8.461039045497197,15.4337692498217,1.4738159266961453,9
2,2,3.259094685108231,40.17099230184991,0.45914208742194695,11
6,3,8.306263194091706,27.0041477060952,1.0158444420637043,12
2,3,0.46637558368337695,15.634254187884581,0.3773366858636361,5
2,2,6.003071796972325,30.555655787214828,0.8914623564002538,10
6,4,2.3770874891482605,35.83591864373736,0.7495054813636706,12
3,1,1.2936121691950604,13.703937636603333,1.460807461484152,5
5,1,0.8618366961291707,20.73610016611504,0.9519381817750531,7
1,4,6.993258881193584,6.182116057513682,0.5893089209215463,5
4,2,3.464762141303855,9.139352541780546,0.2597340988431067,6
1,3,7.275191038134738,34.087780912852644,0.31174556022890837,11
4,1,0.7470277739095295,9.153773550011785,0.4154437019317291,4
1,5,3.2213743445230425,26.3056528449863,0.4513533258764172,9
6,5,5.440963794515838,35.48140845994939,1.290862480977593,14
5,4,7.928159331905739,5.433158462427717,0.8857119035955349,7
4,2,3.2556497790274923,28.40887975948229,0.8327472759241129,9
3,1,6.29632462672639,12.90248290669805,0.26067642061690444,6
1,2,8.871179707538253,48.15005107435523,1.304195570689209,13
1,1,6.197045563004815,24.228927771324244,1.1119400244918773,7
4,4,2.4062988000609744,40.31902823378039,0.19473570666000223,12
3,4,0.34156773740972646,27.556304453597463,1.090969136121676,9
3,5,8.713978851619206,2.266285389455476,0.8609535042797044,6
6,2,0.31056716741883267,31.694253642141717,0.21441548404548955,10
6,5,8.759546559573574,47.57502677611218,0.741620898140119,17
6,2,5.3364776268693985,30.120429825301926,0.7785748019820657,11
6,5,9.396770215277671,40.97752408539683,0.332084356228586,16
6,3,8.007954034159289,44.221902521085546,1.4239774058003953,15
6,3,9.979547694280042,11.48118062025173,1.2899655200729268,9
5,3,3.572046972971931,10.68103751142051,1.0366312722607516,7
3,3,7.695164060418156,30.58795134366449,0.74721378540085,11
6,1,4.079116044731498,20.610320643354566,0.6764717582183118,9
3,3,4.850768641008697,42.009079013049345,1.0113628540113357,12
3,4,6.3123040858618635,45.01115385756076,0.8636046171696676,14
2,4,8.749403430444753,17.735726827205635,0.18718234823463986,9
5,1,9.842426345073022,11.919840892826654,0.8175037082784643,8
6,3,7.70590679725873,39.0482232106687,1.2289650641259753,14
1,3,4.2358911434566044,13.81282117385199,0.7429358286357413,6
4,3,4.271434322542994,41.14845449383255,0.17273920857597577,13
1,5,7.402064785730025,21.244538857073266,1.2007894791376463,9
5,2,2.463893743106193,33.41073997464438,0.3819092949903641,11
4,5,1.1936937200008073,4.867212160349942,0.4620691688432542,5
5,2,3.610759360643688,31.230580301360995,0.33058889480521425,11
3,3,2.9436660173754094,22.643207168987733,0.5623010908200965,8
4,3,3.033450392514302,29.37176231245616,1.1594521079640892,10
3,5,2.4127167353941084,8.483908966468684,0.8271402033055122,6
1,5,0.5167225773999826,36.869999872714686,0.38683378381099753,10
1,2,0.27695195386079674,43.15357416940711,1.3289621094128572,10
4,4,9.878451658386712,10.915316024529703,1.331414596932141,9
4,2,4.334954023985037,4.87615632045607,1.3188097950644098,5
6,5,3.904833806880849,1.2795654437121862,0.43431469593415495,6
5,5,6.828508098661391,32.134377872118975,0.7317350818533833,13
6,1,2.2607134898641355,30.39399240083016,1.4789855185972252,10
5,5,9.50461572110723,27.380200894432093,1.1808174668339866,13
6,1,7.884815642713965,11.674160096187173,0.13803438971578375,8
3,4,0.9851689228913691,19.60620919568518,0.19128642776468888,7
4,2,4.2340496802707905,29.764369125790036,0.7495039275372658,10
1,2,8.80327124486543,24.888666257072554,1.3729082882061843,9
5,1,9.452847020684962,49.390497458722876,0.8541825171337999,16
5,2,4.72727496137371,6.9083436525809825,0.7969375112480063,6
1,5,6.172772753186006,34.78771324697493,0.2476631799392828,11
6,3,1.753636066311545,20.27550652840418,1.0194921466140117,9
5,1,9.912569398756068,21.467160784788177,1.2509444248403156,10
3,2,2.3935498436960896,35.908128506343,0.6325880105105872,10
4,1,9.433044563937743,34.652563951086044,1.1858565912954584,12
1,1,6.531501825024447,49.563674085739194,1.4502673154611363,13
4,3,6.116594269300705,6.506875043760848,0.38527304277876473,6
5,5,5.1756162590634345,5.2950715042699,0.8326614836726377,7
5,1,2.3836311360058113,36.24450697472418,0.5019931413184058,11
1,2,1.847627516854532,28.961507158619813,1.2099961866473752,8
3,4,2.282813469794736,13.780617261334312,0.9086307122336205,6
2,1,1.94573879522812,4.063026512550431,0.9884153845704252,3
1,1,7.8178862883108575,4.374346654861883,1.2170798234622517,4
2,3,3.566240065750628,44.7201246457395,0.6543586617274367,12
6,5,0.672642497977624,9.67417950346527,1.3811260957698606,7
2,4,9.694116038394032,16.236240949564486,0.8462404141445958,9
3,2,8.849480261137915,11.4101544711267,0.3211367519694872,7
6,4,9.284747603632608,17.814315661013673,1.0742587654363234,11
2,2,9.94958744419971,3.564249753030059,1.2105658906135561,5
6,5,1.8215629672729243,26.00108356632269,0.5434663478945373,11
2,2,4.0227959871363215,3.473866923251524,1.3000509597982541,4
3,3,7.606560909470504,40.03778974033584,1.368600556672073,13
2,3,6.990604118732543,11.762232887330606,0.4876662823289325,7
2,3,1.6235694727645653,27.046594538765078,1.4769300618013108,8
2,3,8.176747937407116,44.015946469316766,0.29699613926826174,13
1,4,2.321961661182941,32.57878071545499,0.3828219357634859,9
1,5,2.3157943867439688,26.694593548911634,0.35791477493323653,8
1,2,5.416046786644794,16.284254280457244,1.3515855940110186,6
3,2,5.970105354932861,16.71679546160408,1.0160095732549466,7
6,3,5.84285345759433,33.50739906438969,0.31294599651118205,13
5,3,1.0057196902377732,49.70755412493626,0.7164527857156885,14
2,1,8.786862540040765,33.12577557348399,0.9614172350977228,11
2,5,2.72944042162819,27.933392526764244,0.2168497189851366,9
3,4,1.3821977206997615,36.55946046093838,1.3353829157702741,11
2,2,8.898605990702874,23.313760052957537,1.2250449496181492,9
1,1,9.560949832474558,3.1011028957791824,0.8072894830072934,4
5,1,8.63506341092796,28.1586111123077,1.4539772613628386,11
4,2,8.114209139776293,47.88550169681847,0.6848653709851396,15
2,4,6.586895608326315,8.847616823647215,1.477754446651097,6
1,1,5.553487969030479,34.53124405195122,1.0350879983250778,9
4,1,0.9611689231229604,10.126591064086918,0.988539782555518,5
5,5,4.143686809399917,26.837801455206755,0.332336853414099,11
4,4,3.7896163184219085,4.924154837371309,1.3346988616265016,6
1,1,2.67156245922723,22.57350971928344,0.6984855630888611,6
6,4,7.261859125516991,37.83255011187278,0.3271267680954711,14
6,2,5.009169777279831,17.443819059525207,0.11765052796606267,9
4,3,0.9023575374857146,33.27909505191218,0.8836579570937355,10
3,1,2.2798136993031326,39.792953043407486,0.8383594709717468,10
4,5,6.86426176023,46.36617319202469,1.107095071316822,15
2,2,0.8536955089539718,11.808639884587132,1.346361274224923,4
2,4,8.52694844908281,20.025864198884477,0.21116921850024134,9
6,2,5.001950617438346,7.705559065187829,1.1240950864765074,7
3,1,4.857807115533815,49.62492675770292,0.36237672173661506,13
1,4,5.964837068129224,46.357348299422334,1.3014478744200295,13
2,3,8.264341562658977,27.043860800999923,1.2466889194063187,10
6,2,3.5433111582317114,42.11746138938342,0.8571112569797621,13
5,1,6.812359910334729,26.095803065874907,1.094339918072636,10
6,5,5.700746443558331,31.21692583133771,0.5400901584572477,13
2,4,2.7435798746772715,4.547309162589229,0.7596350585059404,4
2,2,8.798436864916065,37.78799398279072,1.2502916567946603,12
6,2,7.994517613908588,6.4729028333982175,0.7429712760424994,7
1,3,6.618673163118412,41.32077474960116,0.6009175714556184,12
4,3,8.520759118032995,39.12320157475226,0.7918974261504198,14
2,5,8.686212589502043,35.466360417374524,1.2595489534121058,13
6,5,7.112793469478844,1.9044029881856295,0.5692912663192218,7
6,1,8.386431950800354,15.226104961671897,0.34326623039004134,9
3,1,7.004967470525908,13.229317238551058,1.096819628463093,7
4,5,6.833393640426974,18.070806732828803,1.2563694977913145,10
5,5,6.224252644330324,4.473373063515543,0.24089246993294666,7
1,4,7.551894731620648,46.854195369250036,0.4358237578583226,14
5,3,1.6701905424014298,27.734731811547576,0.29876078566539144,10
4,1,8.820620516069392,15.345663101835374,0.5871179762150333,8
4,3,8.731250924677797,19.909377702006744,0.7304913704675776,10
4,3,0.3895481020421355,22.4154067711913,1.148356871748629,8
5,5,8.275585830591151,30.069657234694805,1.0116066188343438,13
4,4,1.3758116879871076,25.832403442055238,0.9692999944698035,9
6,2,3.417676657165505,45.977659463399426,0.5933249252535161,14
5,4,7.460731737286917,24.89847779700093,1.2780265743186638,11
4,4,1.6915229708782513,49.6086849396833,0.7598020343574303,14
6,3,8.197873538778715,42.58610539148028,1.4707469132212163,15
3,4,8.338128361781646,10.504674666431056,0.9877989936140315,8
4,1,5.123930564232278,46.53670121073142,0.2767706381903038,13
5,3,0.16322012999665245,5.906683254485256,1.0466485869056075,5
2,1,2.9416775184316366,40.89074045371046,0.5551456216043785,10
4,2,6.2075764919198475,19.09310234448135,1.0608580753605363,8
2,3,9.813743162471493,43.91091859020897,0.19749760742736805,14
6,2,6.354953917465017,43.416028836361775,0.3448340120463431,14
3,3,2.672055452535182,40.31567746586929,1.2980321624681008,11
1,5,6.376656460686152,39.52251877172236,0.41805137983292084,12
3,4,5.445855259186969,15.303489040992234,1.271857575340116,8
4,5,7.820469411996322,4.1378722242574835,0.4909865238361746,7
2,2,1.1591083243868883,20.208710920381556,1.0000346740821906,6
2,4,7.634176234770077,8.758873297826781,1.0718108029137634,7
5,3,5.4585391288934915,34.77805933623284,0.8177166544030741,12
2,4,9.633620838204047,17.3703763542355,0.5274349473754237,9
5,1,3.4845344437829926,48.782949022909754,0.39770212691953455,14
6,4,6.362956742026086,32.08450665953207,0.14646509638739671,13
1,1,9.327078244549172,41.141780125354614,0.5255249617370134,12
4,4,1.1148463071077248,6.712981169818236,1.0144279067437962,5
5,1,9.378562023640866,43.11452266540387,1.4136267458278757,14
1,2,6.910068650778052,46.145583806618376,1.3196862751682727,12
2,5,0.7715868851412019,24.4043897490649,1.1724906871494236,8
2,3,3.079539312773481,30.352021593773774,1.2038262805546183,9
1,4,7.110903677588287,38.264009065059476,1.0309788648663933,12
2,5,0.7667709545408398,8.824447500294585,0.4644016005924042,5
6,3,5.863487555745105,25.178047215525776,1.3700730429881618,11
6,3,3.524242263834272,19.993285085838426,1.0390252366681676,9
1,1,6.247063625898023,7.40406220889623,0.8846168833726159,4
5,2,0.5528461347438772,18.439967672347418,0.2553852568988735,7
5,2,8.728214380908526,3.501798238336129,0.7258777613289955,7
1,5,9.73754079485623,1.3880141567794007,0.7445015796826967,6
5,2,9.691890767328346,6.844797828825655,1.310389053331738,7
5,4,7.521553134254955,48.15944406829978,0.8653075082629038,16
6,2,1.3878537772932567,27.521523841161347,0.6325607685585735,10
5,5,7.606805639697323,48.29452584154568,1.4675204599149232,16
3,2,0.343410472942135,21.681644128673586,0.25500883065684193,7
4,4,0.3190231601370728,15.659625040954452,0.6915677996367224,7
2,1,3.3037411695804586,25.356478955728182,0.1588345452399674,7
3,5,4.937567585006191,22.031633262782215,1.1358657690737026,9
5,1,7.727033436297153,5.372667744661021,1.385307173078811,6
6,1,6.864624228404401,32.07723310304129,0.49205226137068514,12
1,1,4.514436793129808,10.880305307229019,1.3016783475187692,4
5,3,2.8089039961884925,31.017438949401697,0.5091055226466569,11
6,3,9.97153255156134,32.545034510667854,1.3750782263014814,14
4,1,4.319194892136132,7.68604017111954,1.1555466650354975,5
5,5,4.568731540863787,3.1613463928223413,1.2268694875780142,6
1,4,1.719875829797525,39.06000314481515,0.1252091778406363,10
6,4,7.968614532624301,23.04404114608908,1.4479344999036363,11
6,2,6.967454035236737,3.002373395723242,1.1173393888984526,6
6,5,2.285619166608728,49.74382922677138,0.5266515335405866,16
4,3,0.9155723515968427,2.983249993718695,1.2611525308023857,4
5,1,6.83694309053966,34.7822579200418,0.4941296777809019,12
4,2,6.579661021383239,49.185578370644336,1.3218553753925792,14
2,4,2.8052693172822725,12.035087200374688,0.25761254657671184,6
2,3,9.513549266279062,7.198243497491089,1.085160368445114,6
5,3,1.5954731286309125,6.157108477179201,0.8569778673028744,5
4,1,4.380114530321759,15.233429863623018,0.23514825827361713,7
