Fan-in,Fan-out,Combinational Logic Depth,Propagation delay (register to flip-flop) (ps),Propagation delay (flip-flop to register) (ps),Setup time (ps),Hold time (ps),Rise transition time (ps),Fall transition time (ps),Propagation delay (low to high) (ps),Propagation delay (high to low) (ps),Clock pulse (ps)
4,1,6,6986.774986265801,2917.9423362257494,2202.757562864276,1815.5004908647759,419.80890789921034,1132.338793831602,2901.6013526477136,2408.2808589401116,74074.07407407407
5,5,7,5707.588822922074,1280.2067459606023,1819.1168587834115,1719.301361343245,3839.601243755175,419.38220505544535,3208.5005779609314,5503.499464440332,25000.0
3,7,12,4229.474357111522,6865.001428382966,696.699431612758,1368.8288981301723,3782.352412557627,1685.9249026841148,1781.2882485102764,517.2310598297063,27027.027027027027
5,10,18,8894.804867317975,4316.737093513851,3569.0960179137737,1227.1209832040302,3183.7202639639518,1089.9728095200699,3037.3774136345073,2168.3296469971774,200000.0
5,10,19,4532.005966803718,8779.224248556733,1909.1816655210255,1795.3747464653393,3967.0460259440383,1034.3049082732473,4106.716342767265,718.5358275548207,20618.556701030924
2,6,9,8349.394955244194,5258.889160224015,939.5655449189073,452.12734110455744,2269.0328646409994,3847.47865031113,4606.591966942639,4692.552970841112,153846.15384615384
3,5,11,4952.214177131966,9713.740851232496,1597.4855333337005,250.04140816257436,3858.519730962183,2541.9418465177514,4621.661263175513,4331.801743037238,153846.15384615384
3,4,6,4392.499864824169,2669.7296413280906,1773.6930596099226,555.0693228281224,487.29915434365296,2316.138084053964,3636.1902310868945,2255.5724249233754,21978.021978021978
3,2,7,5164.118071026458,8817.608511600498,3344.6440031541224,1609.6987295303616,1589.586843393211,1779.9453933886232,5464.4147399656,4183.712252359609,55555.555555555555
5,4,10,3712.4008674772786,7989.371675125675,2987.7346461333277,165.8735067803183,1056.4488184257102,1829.9884670345482,4977.483944914213,2617.248466697319,38461.53846153846
4,10,18,7728.48442158626,7938.296601796468,3123.3585958370913,1207.3329866586305,944.165719710226,2255.4390145847074,4639.469442312303,4635.021231965633,29411.764705882353
3,10,16,5524.483510832312,8603.04905305199,241.9188048288594,1991.3312807634888,735.0512057921692,2846.4332667372078,711.3909214105795,2943.4285113255537,48780.48780487805
6,3,10,3089.9142563213554,7849.21591848699,1781.3851930830936,1725.822578291325,2565.1718379507874,2868.1551654909517,438.51658843003617,2708.7664758573264,47619.04761904761
5,10,19,9096.171159471116,6635.982894682739,2029.1077762142295,1090.7468091828198,3169.0230518397593,852.4368492807084,1589.7047522946486,5634.487526734485,54054.05405405405
2,1,5,4455.020992358903,2181.2038991414884,272.9306519276154,220.91772764462044,2397.5339177973706,2100.4284578911825,4115.732125915333,1804.922959387921,31250.0
4,8,10,5891.9757500258975,1292.7356154212673,1187.29019323113,1679.6096773328486,758.4582964351966,1765.4407611295871,2702.705937742256,1074.5051039807665,28985.50724637681
6,5,17,9158.248998680923,9287.630630341182,3089.101327864113,1238.0591655367002,3282.27032574719,3508.00247182366,2653.4750520761454,3673.4414342529653,25316.45569620253
6,4,12,6618.1419632259285,6549.852830686643,721.0168817701963,318.37269441317693,2616.6278872221683,2599.3919006298306,5353.6865740858375,5828.202148791402,28169.014084507045
2,8,11,2052.0823663752767,8168.835618785586,2234.178499519848,278.3288411643768,1675.029683282583,2223.515452380731,5415.151949538296,2515.899596872245,22471.910112359554
4,7,13,9458.489112521276,5333.70116361295,1017.7671136655024,1828.2909569295257,2761.695123037039,638.499640279886,5491.38147870008,747.4058763211765,46511.62790697675
5,2,8,6649.372477642761,2055.7737006615503,246.05894364679446,1371.480499582349,1187.6389211227647,2501.423979428964,2157.7172284841527,2300.1094969335777,20833.333333333332
1,1,3,4014.150531913775,2126.672129822954,1116.5655388782577,1675.6449187018356,1511.730392278,645.374841584887,4269.912551339866,3233.2172641895268,20618.556701030924
4,4,8,2253.4486539704853,7170.087585060743,3908.3202686582044,1770.059910536308,3686.446203901563,1481.3849871498576,1921.14581513647,1306.7688371403967,30769.230769230766
2,8,11,8146.226703432663,4872.753054095164,3245.8410251553605,1186.3674688918122,1303.9171215513975,742.799466294461,1467.415065216919,4085.372421116356,90909.09090909093
6,2,9,6580.654803356621,2804.7225403030307,3846.391248419927,1083.1480683345785,1985.9554190001588,2829.879858692602,1433.9417611452677,5987.396578457124,30769.230769230766
5,3,10,5801.149827786894,5424.350920672932,2053.845366920177,917.8120796098813,3582.536322104856,983.7580325773798,2315.8026768361265,2929.741065496085,74074.07407407407
4,1,7,9045.03324745862,1577.8804336762068,616.9975549745133,702.1985168031266,2889.341131016605,1689.0656181144986,2807.7626707670015,2386.479917689191,31746.031746031746
1,1,3,8097.374901020777,6237.742617229589,2282.246058100033,925.7323256315523,436.3722594258704,3603.564154951359,5053.315357908384,2643.943334273013,23255.813953488374
1,3,5,2365.073917594761,3420.9406399158793,1926.6338713278512,1570.3713458872971,759.7515682600873,976.402256916087,1071.3901234471878,1044.8185990131265,38461.53846153846
3,5,10,3805.4986101599343,8178.031905734693,3408.5569144105407,1243.65451892875,229.79804493328393,2129.6592430433607,4515.584745411407,5346.332167986853,41666.666666666664
3,3,7,3236.402258330192,3793.257630312164,572.7138069801294,1795.7942509142076,2597.502802870821,1793.2323124308834,3376.1475194601094,2723.023670919571,28571.42857142857
2,1,6,7695.516633154092,5096.98134173621,2055.316320682757,942.4220273204567,1901.1590165595894,268.871355973773,2012.493918985558,2568.736703979111,39215.686274509804
4,1,2,1301.7919126220145,1104.5848591729057,770.1849258371402,1253.4701995656328,710.2444334286471,3212.4808315766886,3159.7896733838174,4094.265528410656,22222.222222222223
4,8,11,6129.007163841849,1652.02199015103,1433.7685221822278,1299.4843508747786,3840.1496600157275,462.37444399547894,2079.675590751327,2875.387157214291,22727.27272727273
6,10,20,7862.128171666215,4532.442007660164,3001.9568940736385,1224.2246083820185,2212.7069509933553,2002.1690797124236,3738.0589493345133,4030.107425323938,74074.07407407407
6,2,12,8890.890730855745,5319.449512454112,2008.868891601313,1435.004168862481,1119.1945176289787,2330.57752076801,2829.525967989367,744.0992247324101,62500.0
6,3,11,4078.735738443167,6400.184933073733,1628.3754835539232,551.1235899121319,2102.2935703878884,2588.0205351354307,1320.670962841721,4956.850724844474,31746.031746031746
3,2,6,8391.315742048117,3624.963208383729,1699.009858566134,1073.4911773370022,2782.5572643934097,2816.8001913699272,1052.8652175119016,5666.822136124654,51282.05128205128
4,3,8,1995.685632596865,7254.836975138883,1945.8977199427493,298.02712533586055,489.70902829954497,1162.4350573863173,3461.4958196039283,4033.0861624925615,29850.746268656712
4,7,16,8618.070625610662,8741.101574702841,3183.0628665808163,830.5715225251438,1243.8744971819895,237.91935130210763,5453.512986402179,5745.569201609341,25974.025974025975
1,1,3,2147.397960987842,8018.658900040147,3589.9218179728905,1026.5674303804024,3266.4688653591757,2949.0859169486657,2326.1630447230386,1248.0209604717945,26315.789473684214
3,10,10,4575.585615043306,1356.5694281352144,3830.271808714928,1339.2260931363978,1946.7265075301125,2235.495077520799,4504.80060044669,3073.53066108998,25000.0
5,8,19,8175.658292015982,5324.56252532046,3190.2328677701216,1906.0089999137865,2276.9931397227206,3377.2472721875456,4088.503587662695,3770.1177100945047,74074.07407407407
3,10,7,2349.2568461389637,1944.3716057635738,1398.5462038424482,1241.2370264418762,1844.7008083959831,3321.2757790226383,5616.707520133094,3657.7252255586454,125000.0
5,10,13,3063.2625570937735,3178.405142762747,2814.91188312886,1512.8284407354636,366.8197820434195,3404.6394375939562,4997.493696875189,2648.1859628986417,40816.32653061224
1,10,15,7500.273115537596,9879.963339404318,1862.891871410489,1061.9055130408851,829.8491633165926,2043.3597079222525,3572.9894498705926,2293.2726924510634,25316.45569620253
2,2,5,7480.328828914669,2282.459886113619,1167.7483637749945,1304.7976596150295,1893.0582272191855,1467.7879041800895,4079.3707901110006,1110.2145262823453,21052.63157894737
4,3,7,6770.328695967675,5489.993381062204,3395.312001818506,234.7712106541695,994.9047685501258,3207.921169847206,5430.9642128705955,2593.7577231487576,27027.027027027027
1,9,12,7245.536000203901,6563.4016088630715,346.02012605683495,583.3440035995092,389.9203089067792,1914.9176295111686,2637.3051936868346,1310.9005645907166,25974.025974025975
4,7,15,5884.519990128366,7322.184734896935,3626.6955701146094,787.5208770897635,3405.8687233969304,897.0803463330512,2230.0503528035533,4512.447788356423,34482.75862068965
6,4,9,3266.191530162575,6036.838151382227,1953.6143655739897,997.7373745123757,3928.53161082364,3448.901274333603,460.54206835709954,1569.4532387697038,32786.885245901634
2,10,7,4111.263941535275,1087.937626772653,2621.3656118714657,186.7326164545291,3213.94292118761,3553.7275317349195,5028.6860154722,727.9657095933895,52631.57894736843
2,5,8,2634.379451212831,3938.151774195927,2705.5449043819744,366.0457853513036,3444.3827024777347,1971.9770733326463,4885.491922258843,3493.250371776512,66666.66666666667
1,2,7,9176.055052002654,5659.404790462402,3601.4474146848383,625.9471848034809,1119.5130952047725,487.65896377719235,984.9453013608477,3733.2865032286486,20202.0202020202
2,8,9,6250.526152895084,1790.7984923035003,2619.344792235388,1945.9121127119963,3850.382506950159,1673.7391416843386,3630.401334343121,5282.713143170831,22988.505747126437
5,4,9,4607.662750872759,4155.642380882627,2532.9476220882348,729.5593134957963,948.3176769230279,3253.443105957893,2998.2975097345693,3631.0970295390184,111111.11111111111
2,9,6,5158.052232797195,1298.827979122299,453.2777541306219,1015.8780104129568,3815.4332793749627,3626.741308475669,1064.770934851024,2334.692780851296,35714.28571428572
4,5,10,9525.550056506338,1707.2064743951867,2169.9504833917754,472.5856542029465,3980.313317070614,973.1964214908642,5891.182071540052,4896.866536547395,23529.41176470588
4,9,11,2380.1626280447217,4572.309485814364,770.6422031047582,1260.4821350439597,2904.546661834985,454.4997256960318,1602.2969697947901,3425.5618018495575,39215.686274509804
4,4,9,6276.068488151175,2194.441786387543,3002.248321141645,633.2981094803512,3928.3461808089232,3533.931721904787,776.5114085071424,843.9695939346738,33333.333333333336
4,10,16,5552.998109960194,6107.867634354023,2146.443299088163,493.2858990330109,2364.251162354994,1679.738768119726,3731.145325210693,3568.763137754181,30769.230769230766
5,5,11,6503.088118911831,7205.184722235392,2784.8655609917428,1081.4879940473602,1186.258776069143,2258.6916642167407,4537.653391944983,5484.90385436131,33333.333333333336
3,9,8,1162.9916543875645,8205.280291981746,358.3570222890602,110.46101840479956,1860.5843655293593,3878.650085792884,581.683297864247,2619.350702790035,25316.45569620253
6,8,12,8849.115180497363,2801.3521982032908,522.2096609740523,114.56166203352814,2455.5315544393866,452.94596607404685,4088.8187768713237,2059.42449063888,68965.5172413793
1,3,5,9389.064542352511,2507.343240331628,2922.0288746381925,516.2307372935297,477.70993570265694,2663.6084283179634,3380.8345053281446,1203.4289593009123,20618.556701030924
4,1,5,6086.198652302881,1941.1105630096022,473.9204767949588,169.77058875156018,2564.904405545535,481.60060578449486,978.284049700271,1248.094922838001,55555.555555555555
2,3,5,7269.85741489203,6727.87224589273,470.77556550798266,305.2489328483136,3928.475779696719,1626.7819281727013,1366.1337108996277,2823.5203123141855,42553.1914893617
4,4,9,9302.494430595661,7358.281538382111,246.01220589257233,743.835233743628,922.409069178165,3254.495271735098,3580.6560649700505,3735.807015304565,24691.35802469136
2,2,5,7365.1477088205875,1284.2753034307784,3834.7053135380243,1624.9127912016445,3211.861441895857,1847.1944844714105,2059.6026356744146,851.4462689497697,27027.027027027027
6,1,10,2372.851386228352,9425.91021619321,3002.5317659442267,1186.8924224016716,3650.0154163625534,3989.292944831211,5654.5680804473695,5661.584098540928,31746.031746031746
6,7,11,6186.595241501319,1467.7415528632519,1542.3553523078438,1074.0686793171913,3786.0660527168393,2324.425282797088,4984.945285110684,4628.748257693097,60606.0606060606
6,8,15,6460.435417445703,5871.667017709634,1326.8352088930897,657.628764095431,3848.5152967406993,1420.416180016623,5907.976356476513,3685.0939423885106,35714.28571428572
2,7,10,4817.176041721475,7381.544675058248,1528.872273034228,1870.332066922351,2181.5466271415935,1036.423038438062,1854.1566981223184,5039.256557258349,25000.0
4,5,12,7627.998120622506,8838.72211371477,3143.683418488491,854.3285783506641,3913.770050367714,1531.9780302874149,5830.452343668671,849.0458381478344,21739.130434782608
6,1,10,9409.303132921134,7426.782389191851,2713.2083220675745,265.47625691196583,3077.7787871108676,1615.626440286293,2814.909670832724,3070.2977153054962,21052.63157894737
5,7,16,9330.116616160987,8215.552747628128,903.7431578963782,1272.4263806238225,814.3514577004552,461.1119753510517,2346.105253757026,3928.521510425315,27777.777777777777
2,7,7,5057.55434263719,4055.0517328852543,861.6154742695205,316.2929476055427,2012.2204045782862,1604.381957821738,681.9573510283782,5040.456274262419,30303.0303030303
2,9,10,2019.1424125667972,8333.42602371861,573.9034689109097,755.9239713232149,2929.6584664136153,1964.1063750090545,695.4854440137747,4787.429536275899,31250.0
4,3,10,9863.570790661011,1721.0336174620763,2709.1503348650854,1064.0826835638368,1139.8932001125165,2946.403458507458,4275.263033301267,1951.5877983950381,28985.50724637681
2,9,19,8550.082778013408,9053.34990454475,3104.6161164425966,1761.022796901834,2634.337697485772,2695.5720419421104,2964.402368830556,5668.928949531544,28169.014084507045
2,1,2,2121.9641308294017,5928.331385383626,1207.1764276350152,1037.7385026462255,2733.0818203771532,2893.309489870786,1668.521105802192,1096.336712012874,51282.05128205128
6,1,10,9287.57694355635,8355.679929662443,279.5908519174687,1434.291655460162,818.2590264725504,231.781991132057,3838.2337154213023,5300.748264278452,64516.12903225806
4,4,12,8829.067258559155,5070.8645606647015,512.2523364104239,1986.3519940982337,2347.324187320474,1027.136118406037,1816.0054622006223,5837.2653977858645,23809.523809523806
6,9,16,5669.5425141346495,6792.199256768725,3877.8681324111158,349.82932780616505,3132.182261718709,2714.4002959194545,3634.7378243287667,1392.0597300467032,21505.37634408602
6,6,12,6321.4789217043635,5737.623948425019,1322.690154414197,621.9898984870871,2095.8035252365794,2039.159599083039,2411.5689831030654,4443.569959541198,52631.57894736843
4,3,10,4591.024334831172,7584.305695797987,3123.047961784908,849.6945436355281,245.99184374920824,220.1912075397146,5011.8924690261865,625.5989051567914,40000.0
1,1,4,1492.854749398282,1734.6698382753063,2573.721561646202,901.4735392237795,234.3461825013103,3257.079641240925,4995.898500293964,2670.3678207792673,39215.686274509804
6,4,6,4016.775174813109,1543.1687559150741,1651.3706306810043,880.9400430045368,1556.7115070860461,3136.676378503282,3073.162229485447,3291.1864755069746,27027.027027027027
5,9,15,8225.681037382103,3223.929106091318,981.6115963431093,1824.4609048574544,3719.5374600407717,2283.992819375538,2364.587012276087,3651.6132650939508,50000.0
5,3,4,1041.6882070414258,2435.902121018695,661.2683890057444,1456.662024487027,1068.9717624937134,452.560637949834,2430.3348607309294,5641.2485901919335,51282.05128205128
2,9,13,4001.492545220298,8846.052099329814,2537.0492785476936,1255.0199067723372,2610.582017712411,3112.7571882238217,4912.00134374202,4164.60384884749,74074.07407407407
5,7,10,4583.518242318491,2972.9258862223987,3143.6083664235944,687.8081639392859,1043.8883086346182,2418.111633379183,2237.805103666627,3095.156526827727,76923.07692307692
2,4,11,5836.560426441306,9782.787302372182,2646.8361634562966,1665.20173002046,1422.3459607062848,3171.447913200245,1570.7324927583377,4934.18020308898,42553.1914893617
1,3,5,9278.700547714845,4032.0621259399613,2215.148106346802,1914.6149718214788,3422.5599404856393,3056.6385711041935,874.2547145017182,5722.98379734469,86956.52173913043
4,10,10,4117.113949293652,2639.061241198294,359.4146490402178,1660.2767368454306,2969.673480625798,3251.4078734397813,3013.4814769526865,523.5704326208287,20833.333333333332
4,5,10,4122.578817066049,8107.286564282312,3880.2573548586583,102.97369986379852,562.5172537902004,2168.4306523375744,3099.9397539511147,5902.119124633817,20408.16326530612
4,5,14,7637.511232987736,6928.369979507885,3235.1139282873837,1309.1626033484733,1829.0676797484475,733.2331691353569,5109.0887782562795,882.3399787566099,22727.27272727273
5,3,7,5069.961468008264,5483.761448078251,1312.7237394636659,197.15722473999136,310.845101852005,2750.398398842817,1638.936700097958,4960.565963905064,30769.230769230766
1,9,12,3021.443406459838,5998.271958438681,3923.887251563632,589.4537186340715,2027.3825570914341,2557.8003831974884,2533.5511325430393,1969.8746142879097,64516.12903225806
5,4,10,5071.95564519424,7472.816004450374,2487.1500406180244,213.09693066076622,2717.2492444640584,3020.5621113565317,4927.072137804669,1140.2060834216816,26315.789473684214
5,5,8,2267.7131834181987,3056.0926719816885,2413.2061011875367,1247.211360603837,650.309969672976,845.5478229927942,5012.292220194252,2863.191582397475,30769.230769230766
1,4,7,2587.48287855601,9967.005244510678,3042.678081832222,1404.5208356359528,1297.7627678548295,940.905759621099,2553.8220254811013,4006.1568449066363,71428.57142857143
1,5,8,5485.309954655318,9773.138459321048,3284.725194742523,317.5265123252197,1711.7791769081962,3583.5561654334483,2971.094530405413,2533.33033213146,30303.0303030303
1,7,9,4770.3290455409315,6852.931177122432,2694.61870785971,829.293877785461,3694.217893692989,3049.915634117869,2098.4009887559846,705.5662863831142,37735.84905660377
1,9,11,9233.6131096129,2795.8820583623065,686.76383619156,966.8493670155298,3974.3690586072635,3651.268257061227,5622.307319148147,3756.9823820888128,45454.54545454546
4,7,11,4261.545092049698,7122.054181881622,1485.4165227790938,801.2007413457414,370.6629361833402,3083.118220422899,1064.4050881528497,5453.458346219779,200000.0
3,5,8,6225.295152502391,1649.7856808125825,3726.717833238989,329.9475009218668,3091.8301092824895,2469.1901627631473,5628.996768808232,2546.006049304609,32786.885245901634
3,10,11,6690.378591275773,1275.8725198522548,1053.5393250066375,896.0008013562032,1612.5514523289041,2685.70440070592,4229.652130277922,1611.4635547326316,21276.59574468085
1,10,7,1117.8501092950025,3319.1459966009234,1614.2346905825505,1527.2382908359946,1691.341107672024,3578.6861109720376,3376.8040550456944,2878.4331372237657,25316.45569620253
3,7,12,6971.836348150396,5163.606610653847,1841.8921551879446,234.91456261318538,3066.2068987186863,2399.465667145374,582.8907403931769,670.8311818731729,43478.260869565216
3,10,12,2602.3237018277628,8814.452548675425,1869.738960838918,252.34202675561656,3690.0204421525527,2603.0870324478724,3063.3386742032462,4994.7304730895385,27027.027027027027
1,5,11,9649.632857225097,7544.521627896773,2529.170413479197,774.0654544883699,3813.5286591096838,794.6115208136821,2683.3893880153005,5027.508541321045,33333.333333333336
3,3,9,2337.9645497780166,7684.35869079983,3783.688183429889,1889.2788520759575,2393.065826945619,2000.90063644119,1302.8253470606862,3692.802595205919,200000.0
5,7,11,4731.617113543214,4829.440010032678,1114.6323049635187,1370.2880287735368,1557.0604053419106,2922.309025440776,4075.8937796036785,2377.3761780549808,20000.0
2,2,2,1768.1470127077948,4113.414932922666,661.7052299434887,1389.472917677873,3192.686526263361,1229.5822536021885,5838.445081262401,4878.786840896387,66666.66666666667
2,9,12,9971.868266613526,4339.3488668614245,950.3878614677617,787.6479825919433,1153.805256396741,968.5658859932327,3548.2573419613404,3506.247338814856,32258.06451612903
1,10,17,5519.755092981183,9888.846073624522,3570.3146207952245,1227.955503296223,2343.4813095673676,1392.5418712527792,4402.618348086096,5025.220927880091,80000.0
4,10,11,6358.4651558803935,1360.9827227123424,2654.0810880897825,119.24924965271242,1562.5981537945179,1117.702386372767,783.322534369694,3936.169238464915,28571.42857142857
1,1,2,1603.6882964958475,8803.283465102037,1286.4457991088084,1308.5824881781302,2695.198080089929,1016.6680207383041,2738.9351765751703,4792.670649991665,31746.031746031746
4,6,15,7749.6442335926,6208.07867715154,3300.598368080746,1835.24520039485,1113.5158689953262,1814.4332028987303,1051.6075169211767,3751.952762019456,40816.32653061224
2,7,8,2889.150337860272,4947.538772706314,3473.2059861810567,1263.8895898551566,928.053193792338,3649.7863527574295,3831.656679004458,2719.18998200773,57142.85714285714
1,8,14,9082.488604966424,7527.318943736229,3416.7544870230568,1760.0273275860557,3689.308529366661,2126.8266576071296,5655.500085999265,5764.49681558637,22471.910112359554
6,10,15,2846.2567643380644,5380.020472822325,3691.920827830307,1475.5488053855784,586.8539952082402,914.0974470982275,4105.955301841176,3430.2374193215305,27027.027027027027
5,9,13,2716.189485972999,8860.809142734945,1158.515876658774,329.0609911670115,2122.6400493927404,492.4923436473215,830.0970705607606,3788.501303827015,24096.38554216867
3,2,5,1328.947010632854,9106.316776101326,3069.1593292358575,1814.6612838430992,1039.2405752594339,2845.393351524116,2386.130747916464,1634.7307807225957,27397.260273972606
4,10,13,5248.602505989993,4795.488341861098,1950.0500896417318,226.2433042759723,347.93386063753627,1654.6353048582737,3483.7149248687683,3903.644420792748,38461.53846153846
6,2,8,6083.5701993635475,3491.4501751154644,3399.594500982234,1114.538197840751,336.8715095074203,3322.9575970243654,2657.963434346212,3601.002837104485,76923.07692307692
3,5,8,1591.3777548551714,6331.1529573402595,2968.2645732141305,370.06053520756956,865.842734002144,2706.140920834927,5068.406458660965,1435.0950285033398,29411.764705882353
3,5,12,7979.748550255095,9211.270110550218,3150.5002966989537,122.24256038871772,3493.727347122801,3225.7175120572006,4962.15762637594,733.6877451776048,62500.0
1,6,9,5079.5995127322485,2895.959701050999,2693.414983188072,901.865094242514,1273.4192271127013,1233.394949790105,3826.2537125780395,3784.412190402718,125000.0
3,3,8,5719.51242394822,6606.699252071345,874.2293239848862,660.5773445428969,3811.7448481861234,2830.963905352021,2491.364492743149,4676.676708361794,37735.84905660377
5,8,14,4966.864722444053,6684.041980832685,2271.102291808366,1023.4009382154456,2410.1647133589354,1203.4355418361313,1829.883693074167,3331.0476771632457,32258.06451612903
6,1,9,4606.867547877934,7598.017201737529,3941.7450101931313,1196.6797847956466,1859.133921121311,3768.460221911108,992.8961819935241,1669.9267017900156,25000.0
3,6,9,6036.762981773962,2184.1091661453383,3762.0746526890516,183.10423738699998,2404.3375717439276,2618.222269826823,2387.4270275247027,4132.523069480995,22727.27272727273
1,4,7,2397.162213376412,7442.424682138797,364.0601960286444,333.70626073511664,2163.4538638598174,1433.1448406662998,2713.7660963632293,848.5920690137725,46511.62790697675
5,1,7,2637.35317445744,9181.29268599077,826.2962997718611,1161.4205532558083,3083.3497642778357,1224.145076710636,4184.608380582812,2874.2687468909453,36363.63636363637
2,7,10,8756.070589121655,2617.147979832178,700.5693391273353,752.0179710280506,1273.4850506968385,925.5210232722453,4085.6950160664114,1314.853847031153,25974.025974025975
6,9,20,9515.039159202695,3137.889924314899,2958.723657944123,1485.4296263439512,1541.591488081149,2839.635643796166,792.6055819910389,1432.9706859353469,22988.505747126437
3,4,12,4359.7838465177765,9742.555846374757,3307.5842534563913,1339.3541323246855,3597.5583496263525,1031.1193293921237,2613.452166414483,1532.8461152859404,22988.505747126437
1,4,4,3436.702058291984,2628.792574385408,1011.3431919805533,1706.6482896808232,3796.534749971541,2462.1524105244584,1417.9616564172268,2565.559519446276,80000.0
2,6,10,6795.9958891511415,8689.465840326213,2122.2402332169504,1415.736370671528,3591.721264448603,1205.613102316358,1278.151149774112,686.4411514742267,25000.0
2,3,5,4678.607539882868,5430.500708032313,3394.6715064425603,916.8690470412813,1793.9023770377914,2715.4819902167005,5032.892038528577,2627.64326920295,71428.57142857143
4,6,7,1228.4772009431038,3225.0796696285934,2984.6458701117526,1378.6365825494215,3165.38891142615,3296.770968454049,634.7252136110421,3265.5617038423243,181818.18181818185
5,7,14,2405.373376295713,8836.749111452604,2260.5013808690237,623.2242310852952,2010.0757865441756,3156.495923949682,2747.4241050518795,3106.447995811421,105263.15789473685
3,10,14,7443.750059626578,5007.74729502399,2443.321223743337,681.995647678604,2090.6514381551883,3091.2350575369705,1341.9404722925017,2543.590962257027,33898.30508474576
1,10,14,6930.315477191362,5633.356185367212,2131.7700782818642,1599.0718038495072,977.784414417679,913.3451416305578,5324.249207799455,5099.221005196214,22222.222222222223
4,3,4,1243.8639325313513,4233.100324597891,1330.684115011518,948.197081163006,2446.295152382362,535.8627985411711,3519.4268743401963,1213.829477554823,95238.09523809522
5,7,12,2997.749457396545,6336.557662914346,2347.0835728642614,1616.9226469848697,907.3164114627222,2856.005548252065,1695.7315637103488,3231.901765175694,25316.45569620253
4,3,6,3079.673169292643,2471.7148532652045,2817.764147790345,1662.602509969729,1459.9458564553363,1599.719412418535,3213.5928081317074,747.431934956704,64516.12903225806
6,2,10,7047.034692388555,4519.733829865846,3518.627080271069,1729.3684415564392,3449.114766155754,1842.9156603327197,4496.323614337449,798.4718017162946,48780.48780487805
5,10,18,1177.3948397892773,9724.710901017588,2617.907145121143,1841.606948098294,986.8880750012498,318.3665526148861,5765.4608499488295,3613.648758191739,21505.37634408602
5,4,9,1936.9772378611647,3323.2008943101478,3092.261840764,918.8719189752628,470.4014836590447,1186.3905072451869,1634.497623774346,3569.703179371797,200000.0
3,8,15,8199.244768358703,6910.629980871629,808.2722128273774,705.8469548101637,462.22885192870194,327.97033472296334,5362.617923924333,5316.987671928959,31746.031746031746
5,9,11,2606.9019584890025,3926.710578022254,1953.9184027952015,1206.1776185288165,3774.98117791181,3540.905935884741,5632.103039337945,3524.0925836964093,29850.746268656712
4,7,14,6874.714970666872,7961.258131179406,235.46015534295452,805.2276045314924,2126.2976642549716,1124.9073962304158,5531.9550493795705,5774.829714267162,25316.45569620253
5,1,4,3143.645029420539,2177.862946465148,1137.3796851821673,1242.0409169204427,1755.7658729046695,2317.8812443774304,3958.3203984266947,672.6911510396068,21739.130434782608
3,3,10,1894.9725348341065,9728.389405706903,2960.5545174294184,1440.6131390232667,3281.33860783009,348.12141851229563,3926.9956648343627,948.84303477215,74074.07407407407
3,9,11,3188.5497189950866,5084.105872452753,3968.877815127581,1407.9695351350601,3376.138526059961,2734.020086961501,2657.979545829407,646.7688247941358,133333.33333333334
6,1,9,7500.402386700932,3124.4541701181756,576.8767784314203,811.6504853382305,1462.3259258392973,1427.5039138655566,4613.428140901212,1437.550361867824,37037.03703703704
4,9,13,8701.268212956573,1661.4707259701138,1725.6784002728953,417.0343832276303,2835.748618400422,3612.09291043913,3375.2465027652183,3431.112621273397,62500.0
2,8,10,8471.978781102924,2527.8211457878665,3240.2696810568063,918.0057430781943,3130.266700237169,3574.8491179493362,4193.653198878449,4015.204215993597,62500.0
2,1,3,4574.651766566093,5677.965537004159,975.3354115898156,370.92887375562657,2687.6726100906276,1436.1043497746416,2799.3642615532544,655.2768845125453,57142.85714285714
5,6,11,7012.766229135816,4033.028587881576,2309.322807348688,1791.1843668492359,776.0612842403775,3623.651403623778,4496.380198641579,5697.436983135356,23255.813953488374
6,5,13,2844.858658742389,8459.950292943486,2985.6709249127643,757.1671754019291,3528.355717364817,3985.39915929536,5017.040498585475,5116.126109242134,125000.0
1,6,7,3638.329572349119,4877.987712956253,2540.7447109886807,393.4735197243152,2248.559300396833,3336.5795236710023,1220.0430369757703,2061.0299000797213,22727.27272727273
5,10,16,9067.022366690077,3238.428453288669,914.4939915385812,148.35074382092668,1273.3952202060138,3410.5111214698704,5064.406407215677,832.2501692682206,37735.84905660377
6,5,8,1117.0173115966243,6554.30487943627,1550.4613610058097,1327.06253394432,1815.867104663237,1146.2331972145416,3425.6605780257205,1351.3676100267207,55555.555555555555
4,6,9,1769.5767776902128,7360.994951969012,3178.40878104451,1310.1144031640122,342.7701435158481,2391.4691156594745,5130.129090905256,1110.888717027847,57142.85714285714
4,5,5,2870.9762963142457,2503.3771711085487,2306.060753701663,747.1479165044541,685.8938446451867,455.57247307599783,2815.2895555096816,1090.3891640741024,22727.27272727273
4,5,4,1238.7898348643773,2508.572946594859,219.8725314630684,236.2525888105369,3109.0776519602714,560.6881599223449,2522.6267181449957,3303.94545652811,44444.444444444445
4,4,5,2632.9189158081763,1330.0428424018867,3091.7648881067566,878.2949003009409,200.04421207039135,3995.7919257265044,5524.340102096446,1776.7456779630418,31250.0
4,3,9,6247.374048727229,7627.618135590765,334.18314877290845,691.3132406204478,1782.95014823271,1441.2291478184616,1806.547898271047,2405.582412563209,27397.260273972606
6,3,11,4792.820955332481,6974.240748596246,3033.7883743786824,1386.529215496518,2185.538688125236,3043.098865785616,5127.589021602401,5941.229866952206,20000.0
6,4,14,9034.045399692774,5271.677881748325,969.4261286279022,1250.9805739601115,407.6107960036947,3265.3272015019024,3110.515206052663,4232.15979398193,30303.0303030303
3,9,19,8356.992055645967,8597.534040722774,3840.6792244536446,792.728083575326,3897.6970192948647,3460.488429827471,3278.934478287054,5714.291735463208,25641.02564102564
2,2,6,4076.356165280884,8251.03137655048,1598.174854947921,513.9958530844812,1059.2762587487534,3990.9875301281945,2127.4223763411105,1198.3167081854474,28571.42857142857
4,9,14,3334.8109008816323,6268.18927957077,1442.3401420847003,1977.2683356956245,1355.955134617867,1117.6866439760977,3609.0363234664874,2539.9810590623874,181818.18181818185
1,1,5,4417.231673505402,8814.441524619328,765.7745912632898,962.6030802726182,1354.9815465691038,353.3331420668589,2221.1826991467833,3506.498098381184,31250.0
6,1,9,6312.654482633269,2852.570890330914,1361.2960188628165,1407.7210479824505,1075.5833160459297,1762.5277683794266,619.9087197532529,829.8451465769328,22471.910112359554
1,5,6,3412.572767405886,2007.2765745795512,3531.272894947162,367.0506383988855,205.6005239279834,694.3065453499984,1923.1921899283936,423.44968431656406,20833.333333333332
1,6,9,6617.340170642206,3427.7465036529065,3986.07048298354,1022.6204293528558,2971.5102175343864,285.21837881580944,435.72264307690784,4154.432269262738,42553.1914893617
1,6,6,4684.704869721164,1513.7817048038337,1599.5762159260237,152.31976775198441,3874.0128992372843,1569.6219431376471,5878.786807518397,3994.1892940880375,22471.910112359554
3,3,9,5968.424627667822,5780.525752009287,1904.7203976272615,1060.3647240298549,1052.3152364831712,3178.2053540858988,5808.184374990586,2700.4173359978254,22988.505747126437
6,7,19,4925.13876221785,9429.451230654653,2943.869565170401,1931.6330735236345,2719.5793288530053,2351.4866266552694,2612.869665844908,3142.0068257793823,52631.57894736843
1,9,6,3650.191835877259,1354.091866016587,3567.543965767283,829.9927546730204,3019.2060424431174,1388.5563589993453,4478.876784302018,2726.4808033157015,57142.85714285714
4,10,14,9536.07976265941,2098.989226090241,2453.5684699097797,174.09242389233205,3424.016440543994,2686.499620872335,2336.51415109838,534.4282511313776,45454.54545454546
5,8,13,7872.452147437848,5069.791254550918,1687.7976530757514,158.8160027467527,1805.9909486517145,1081.6690851734807,4158.121679681466,2278.0809948177894,22727.27272727273
1,6,10,2261.0185818980726,9404.875157751145,1767.96299522477,837.1748438990519,1351.137441433631,254.6494950739231,4910.408241057483,1391.6606302248229,26315.789473684214
3,8,13,8816.211783081215,3845.404944790754,2843.348956687866,404.04737928006875,1436.1215092875182,3104.542868458424,5701.834970276548,951.175458967665,20833.333333333332
6,5,11,5386.880784245623,5565.113278195532,212.229401696259,144.36898302355323,2907.9610657743488,2570.2237224832343,2641.188744758163,5757.634429780359,52631.57894736843
3,8,11,9050.970042046822,1374.155731453529,2554.439482347395,1536.8058665053359,3303.761972721417,3096.749973103648,4786.468704553867,3756.4144602361275,46511.62790697675
1,10,9,8198.697303525836,2335.0888086587997,1550.8734396771579,971.1937168755921,890.1330774750902,347.96446341312935,1889.1993235398652,4480.475191724975,40000.0
6,4,12,4826.9215402231,9879.671106629623,3217.9498588529204,649.5650667480436,1609.5758309995076,3381.054585756478,5945.86090124443,2166.0369622902576,40000.0
5,10,15,1202.2237748810567,9686.068267924411,553.3644313279023,1810.1580477313132,3627.37274764677,2554.1995601379526,544.3097530803665,2601.6239251664847,62500.0
1,8,5,3418.0962344645145,1044.4598284096865,2435.168614403884,320.6640243809986,3265.4353748400094,2340.9023327080326,3779.761316406277,1726.7743658216514,25000.0
3,10,16,5874.7079319478025,9566.306068809152,2027.6969815672703,1916.2457750151066,3942.461930497408,2573.5333828352204,4093.2334972474314,943.0077574063786,166666.66666666666
2,2,8,6701.303978435325,6752.079440339504,2640.836998439864,696.5367630169703,3066.143386791907,3484.846338099783,4253.055119615121,1402.577169672869,29850.746268656712
4,5,9,3320.9891688988205,8811.2646506802,446.4436590352797,1787.9669773864944,1694.1417639061044,2430.3587249238467,1074.1704412188983,4866.07865366032,48780.48780487805
3,9,9,2254.204666655417,5092.658700704732,2403.938392226899,1245.591465310977,2444.4237691796234,2407.611443575082,5655.76678744953,4194.256509029145,50000.0
6,4,12,8514.372131193692,5640.364257213252,2333.6414342461903,1670.7439835088262,2711.854166139817,3964.5807968499103,1414.6263626804637,3462.8017055186706,21978.021978021978
1,6,11,9859.619626331969,5399.619222312282,2330.5083587814493,1969.6250100998823,498.13210200507103,3075.5746348605585,3887.41905814311,3060.503288053901,38461.53846153846
4,1,7,5731.211640724173,7001.778317914938,2493.2531330665283,647.9703318556168,2269.088444594687,1880.7164607143138,1646.9860430892757,5565.631988474297,125000.0
1,9,9,2545.1135726347316,2256.861292806816,2770.5781614601765,1926.1574222744266,2895.4191481959165,2888.1086001251256,2120.411935319117,807.315707560543,200000.0
6,1,4,3450.7659386743208,1269.7623088541015,3258.958198786925,840.0156003145986,835.8209552040295,1679.075792428796,3460.167833677496,1971.3645541323292,28571.42857142857
1,5,5,1165.5160889272006,3771.3694743207184,1225.3187364872144,832.4726190001523,3166.400526217117,1069.726757437296,2736.2831439616284,2359.6519799959983,86956.52173913043
2,4,10,9228.689259044491,7342.12686462982,3335.1877586842356,746.7354980835607,2418.3365659536244,2468.0371321734856,1297.263365468435,4781.584548391612,32786.885245901634
4,3,7,2059.75974601127,2816.6810691065352,2093.3715926011237,1128.674453960412,3818.4427856508596,3727.0919728330155,1357.2438535567503,5958.08187290704,133333.33333333334
4,6,10,6188.648279628282,7060.891899924256,492.8214607104584,392.87558203912545,361.20473318618843,3730.7301760587584,2741.6108137116776,1747.754882640057,105263.15789473685
6,2,8,3466.496986184854,9729.208414965435,422.49353112712095,1152.0518221802213,1208.2393227107743,1499.240056800863,4640.784678342804,5296.121071167651,25000.0
2,3,6,5987.602022642141,1845.1064421047656,1470.105611045031,1129.2391435790078,2485.9047413393314,2205.1743716424407,5428.602022347616,5051.487458418032,20202.0202020202
3,5,13,6862.783495166778,7053.419064026136,3182.6085130235765,1547.613443949253,1326.9276663825365,1004.2164145654726,871.1149086525438,1658.081426793893,51282.05128205128
1,9,15,8467.676233364815,4993.75197374114,2889.18755201548,1683.9349276814125,2914.8118234707204,3983.398216095757,2601.3818823326455,2636.262449115646,66666.66666666667
5,2,10,2857.791445845429,8813.280289397548,3196.7368657551447,936.8385655936056,3084.220073583338,3928.248049898156,961.3751568481091,2694.1680680381064,28985.50724637681
1,10,7,1098.962457926324,2594.348105026473,2165.622414478116,674.4331737678381,589.560663452603,2668.1339328883,492.91789154254815,5878.035743748726,22222.222222222223
1,8,7,2231.9706706192655,7233.63357003548,1872.756192230864,592.7363049024796,2152.6469639857173,3256.773426774399,4105.624622806156,1412.9946477218307,24096.38554216867
3,2,7,9100.167776632945,8543.037606832993,760.3196014838788,469.7852897392567,2133.7841112460123,2917.3806128780598,3773.7168750128913,4875.284638186779,27777.777777777777
1,5,8,8865.010698062637,9501.527975266208,1447.1324637153837,209.53040617814727,1603.266926819056,2454.001232349979,1312.9070373633626,2271.4791993694153,39215.686274509804
2,7,13,6376.717919532774,7149.232254606813,1849.2735914607258,750.6511597859553,3745.114477764754,402.7223885578112,1709.351865321159,4492.873936346498,33333.333333333336
2,8,12,6404.65174390288,5474.572876075846,536.6816327825454,613.4706150484881,3344.524015518241,1928.104501700112,532.763420409303,2752.061624055712,27397.260273972606
4,1,7,6985.3300709162995,6560.6251618109245,1038.3254203026027,1936.193033146174,2849.3956512566197,2764.18794823616,5075.704351888661,3638.814673452624,23529.41176470588
6,6,12,2578.3415076110464,8820.144860308463,2473.2561174422076,1159.6467698750835,2914.4412157929905,2774.6201327580015,5858.267337871888,5062.625930626334,30769.230769230766
5,1,11,9229.707513324638,6135.487719749468,2995.5198341089213,759.8263741579643,1954.5213464898525,1617.8659500050576,1158.5734060502687,4903.327163909751,22471.910112359554
1,2,6,4768.934724028658,1273.4835372715318,3993.7205432932087,1202.8884418880223,3699.779180166988,3778.429549300516,1696.2611970856694,5251.96982782232,40000.0
1,1,3,4448.246754245477,9378.5382595628,3745.8306591055193,364.47373255682146,2839.4626235624846,835.9567224997677,5263.09333410283,733.8570219300905,48780.48780487805
3,5,12,5670.259347545538,7205.74075928405,2641.747758233728,943.6831234841854,2970.1280342921023,2101.3658956191302,5588.197268554635,4275.483097022571,83333.33333333333
6,10,12,1422.6937009754954,7088.620471995218,1800.7426025174736,1289.8452107000214,3474.425434391912,2825.359110893127,2749.9133437181376,1183.9293096418721,28169.014084507045
2,9,10,2496.5503188047146,2941.0763715794546,2617.4739858912844,1028.9058804056576,1241.4720395003258,2849.116062388875,683.4858447068151,2728.5839809031013,55555.555555555555
5,6,13,7642.302547837334,6929.969232093915,3185.476148704882,863.3797212432161,3266.8694346934712,2664.828035721499,620.5942686797886,3472.095124306255,54054.05405405405
4,1,4,1745.1880113261382,4544.779650887426,649.6775255088718,1988.3119389094265,941.9142912346696,1246.0952111170684,3614.1192499864583,2655.341114582252,22222.222222222223
2,1,7,6428.368985197494,6861.096793373429,1757.6385808458951,1772.5980480829612,1512.2994185305736,793.5849610091634,2600.2126098018025,3309.8253844968417,27397.260273972606
6,2,6,3208.1419871318885,1959.3372727719166,3391.2486854153453,1284.4713205029364,1475.319726225402,2616.5732419415012,560.4535944348653,5980.547329272267,29411.764705882353
4,9,15,4503.660526377789,6920.607741427324,1658.5652173455671,1181.8169862463371,3918.396779878734,2477.3480413298635,3666.2133969503175,1157.2169567919866,29850.746268656712
3,3,10,3598.243630936299,9994.723531935999,2373.114630663309,1279.2549116667099,3454.841450242122,881.5528390991157,463.29420489852583,4182.553853883983,181818.18181818185
3,1,5,4201.054448184542,1433.9083497450042,2433.5235712763533,482.49300486262314,2864.445474042987,2879.5287531681406,4809.282965635929,2617.605411759445,44444.444444444445
1,5,8,7471.413146658209,9794.567657991856,901.0097619078294,850.7617122022053,2962.8156941384827,1929.6535685878941,2116.023807138881,1144.8548738810412,25000.0
6,7,10,3674.0954406085752,4662.171646505835,1576.4946782786958,174.97311249270868,2335.8766187297706,2737.4902480919814,625.4448168516997,1288.925874896133,90909.09090909093
5,6,13,6097.641762672074,8836.781053035333,1471.142897219342,1003.5374712249708,3798.944535012373,3381.994903126573,3694.772437505658,5715.929394975455,83333.33333333333
4,1,6,5284.453619791897,8041.469356524461,299.5474924218462,1131.7467095195602,2085.783260952974,844.968028592308,2627.032720825106,5325.768381585867,20408.16326530612
2,5,7,6973.040488263833,6103.14634888001,291.9287027871499,532.7244985960982,1645.967297505599,272.7504983879794,5853.282314800038,5479.434978324122,20833.333333333332
6,5,18,9431.467653922822,7646.042883261939,3360.4487659679394,1931.654809614476,819.5342803400458,3160.5898283039896,3447.512510020732,5952.583544633365,28985.50724637681
6,6,16,7593.148874892252,8906.640051712131,1237.669077896687,1827.9637607807597,3187.5814785920206,2516.8502155799406,1941.3394138072465,1566.5661840477005,64516.12903225806
3,3,5,2934.463407316811,4637.2628948592965,2168.6993117074985,1472.0721473662213,2990.8869418872473,2858.630364564063,4372.857641950259,2390.4602892387456,27777.777777777777
1,5,6,1280.648215551562,3943.298454069148,1335.1571796373375,1113.4345946541891,1660.5491463917124,3384.988904956842,1920.3552142391836,4147.626567579254,20202.0202020202
1,7,9,3360.376398698426,7008.340470072262,3774.581131438294,1752.9414033306014,295.73497304507157,3250.681552333102,5463.762431882365,3109.294223219624,23809.523809523806
4,5,11,6355.701376302293,8270.613477471328,1185.3276836899402,348.2394532645795,3388.1898453284407,3851.496558329534,2498.443034841308,2742.9813869186673,24096.38554216867
3,5,9,1462.832321358253,7860.566212989542,1832.6958884079531,1601.9686091222816,243.3883371254798,2236.5532996380493,3479.263951546749,2403.7429962793212,58823.529411764706
6,5,14,5467.296224811127,8180.32283972771,3516.374951841487,337.15954653701175,2874.0591625903935,2056.2834041076403,683.2093814156816,3725.1715388833322,35087.71929824561
5,10,17,6371.585640252003,4920.249833316398,3399.347553808873,1609.0002588438704,3886.977016959017,1727.171359584774,2786.278932532492,3623.3232003844587,38461.53846153846
3,10,15,4008.195017352648,8360.507945575193,907.1853878158538,623.9583796775781,1863.1130469631732,784.0259628079773,5061.235822101572,1304.1638707597442,42553.1914893617
4,3,7,7938.209833712397,2081.881498335476,3250.0445772236994,1766.472103934559,1092.8989389846204,2375.907484951685,4911.633310034715,3041.7430901032585,40000.0
4,1,4,1959.3842782039462,5900.401881647646,1941.1101696039918,1893.6799782682558,2878.5098381648504,1252.6475924387194,1656.183929579747,3499.441946775159,37037.03703703704
3,5,5,1676.2400356222788,1051.8279444830941,2035.2817139243498,382.7123418697197,3305.0869396592234,3700.968546409307,1666.0427976591507,3593.606856895786,20618.556701030924
4,9,14,7553.69880583243,3921.2724691024328,707.2238951805863,979.0836496242476,2276.4352010958196,2416.125056252971,4976.909748394126,1576.60028030917,40816.32653061224
3,1,4,5459.421845855786,4298.153813842581,506.28575227707364,1963.8760185091019,3874.7340459733555,2452.792685930819,5610.231152948223,4556.719796612806,76923.07692307692
2,3,8,7195.621567849625,4565.554224483299,2966.1693665003077,1018.4741283489786,396.3411423002522,1548.713711332638,934.0211591288199,541.1149309979899,20618.556701030924
3,4,7,4913.446047433716,7259.20486020876,2086.552378950139,1740.740292777636,2118.223273557207,397.55953751528847,2920.328380786861,2387.058391041711,30303.0303030303
3,1,6,3217.6182991519613,4497.022911433111,1860.0326699376822,1218.5898920495079,2930.1249998256903,320.6263084173567,2289.7439621996823,4769.190831799548,181818.18181818185
4,1,8,8371.920859067797,5038.242603602776,2972.1312688791077,813.1268250472434,3478.03379036688,1808.6735477821505,5275.855350561661,3557.800357910253,28169.014084507045
4,8,13,8194.742910720812,3137.8971778689474,3108.949016166217,642.9887554991534,881.1713252496021,521.3484367695038,867.739522208105,1862.5096220608173,20618.556701030924
1,2,5,7252.268237689841,4359.26612466406,803.8510371435434,486.1238730635657,3240.0132307019894,2506.0184310525287,1582.3052783250096,4291.737468321066,111111.11111111111
1,8,6,3449.306235069664,3045.426645368363,2518.855568015037,1547.4165636176247,2300.2868877304722,3547.6974214306983,4613.822690484369,3577.3892872740107,25974.025974025975
2,7,8,6312.076001821784,1658.7633139159927,714.345512655205,834.4269629637529,1706.90399156186,3555.076302771144,687.2455542948072,4858.964212955768,22222.222222222223
1,10,12,4248.765072460241,6431.037340432401,3055.2253269103735,1071.423378181427,700.5171086005555,2704.372558502483,3158.1981320000195,4516.141042663011,76923.07692307692
3,10,13,1824.2386599397073,7013.9151869951465,2696.42959381513,1035.4184120022455,3488.1238838538675,1002.6809595971378,2875.7993942064318,3816.604363402914,33898.30508474576
4,2,8,9255.822179160186,6575.41311408653,3835.1355601171404,1196.8301555429496,797.6381910829182,3479.3879591637137,2272.646602336992,3133.7949817405583,40816.32653061224
1,6,5,2231.3676782706525,5171.446394205152,462.0404621544005,1744.5965766866493,1377.1938649945769,3567.155054190191,2609.604965785973,1145.819903738131,29850.746268656712
1,6,10,9552.136184387222,4418.0720216130685,416.8079403747664,1963.404752808516,1302.17302145726,947.2836228212432,3367.667286809304,1863.464900158149,23809.523809523806
2,3,6,5014.051956621602,8770.002846146428,1272.3108838341604,874.4099962902521,3511.3733299252463,3002.2191259285737,1303.6572069749454,2746.9570483356774,21276.59574468085
6,2,8,2666.196359547577,5671.7360662259625,1194.4815981964427,1672.2859520019758,2756.2713779938126,1288.774285923067,3603.1769183881192,3756.076007235776,66666.66666666667
2,1,4,5877.1085264052235,5312.636898667579,1138.5194364735994,1552.6028098439635,3227.389309327215,3250.0331869411325,4910.421044079923,3276.7639892057064,74074.07407407407
3,6,12,8856.512522887675,1230.7785922579212,3643.767405979939,1189.7050077655892,1151.778015411496,3989.5040196336904,4656.901206824891,2013.833345373365,31250.0
4,5,10,7590.023977686051,4071.230448635407,1148.2755594281232,1916.489572862673,2574.5215785065957,314.09882025169264,1261.8394662851324,436.2004036223791,52631.57894736843
2,9,13,8259.050330753049,4421.760569072713,1233.4089592887979,480.9015795039653,2372.6347359462447,3609.9902900055413,1235.7970305522538,3178.939642644558,60606.0606060606
1,1,4,6929.050300396456,4589.405028072104,3085.713397188262,307.6019995882807,3364.75543179543,2565.9960276749007,1901.7764593715144,1999.5055359485611,24096.38554216867
4,7,13,7230.489080660673,6221.551323045991,1909.011401312052,1722.527737215302,3643.13082982879,3898.8539528263204,2422.018467509808,4513.806483978996,76923.07692307692
4,5,14,8642.760864087872,5802.422920541906,3151.5001164296887,934.3846516041218,246.19573161406987,1967.0361666004248,2687.3512558875022,534.0990855147076,74074.07407407407
1,5,8,3247.0120797326736,6471.145835141002,448.39139874466395,1709.240822993415,2761.2756924234122,3420.0741361712203,4206.304414266733,3675.0357433124286,39215.686274509804
2,2,8,5404.824672788264,7883.949353879155,2052.7705359588604,1796.8713898712886,396.9760366549703,437.09746067345344,717.4104201286783,5672.255730033967,21505.37634408602
1,3,3,2990.88497637642,8316.871648444841,327.73168069647403,218.66942787623572,2285.6629272939526,1474.0603902975236,594.1671436659718,1376.6918958243973,37037.03703703704
6,7,18,9889.012071969823,7463.10768603845,438.0821731303472,1778.5830496735152,1293.0043703659771,454.6628434545979,2594.6991524858904,3041.2371482033336,21978.021978021978
4,6,18,9496.53405717952,9599.71326359441,3644.462322708762,951.8062052019021,1365.7510781841365,3906.303907220468,4304.116675972691,911.9631541759737,76923.07692307692
5,2,3,1354.841302316553,1164.0932440872548,729.1324102468617,1069.8217291080412,1541.242313118955,3304.5008476329795,1483.2379205563022,3903.8187086635744,24390.243902439026
5,6,13,7350.176552641196,2762.0018711519147,2223.1985926458246,1290.5257710770995,2560.9113063885184,3439.6802007346882,3992.4250950350092,3482.977411338863,86956.52173913043
3,2,5,9327.234856740992,1068.065874803279,1762.1632898826847,1860.1269527871648,1469.389869541323,3764.267879448798,1855.037572465677,2681.2469355918606,34482.75862068965
1,2,5,2625.178106146002,6827.272427391427,1519.904639783602,136.32057941655165,2984.2563922430654,523.3932472551843,5362.082209355692,3319.711320252951,52631.57894736843
1,2,4,6111.507074973665,9082.274940549882,3619.3667136116355,1006.0025898038525,1737.204065180705,1665.2708515506667,5415.863687893053,5420.818087426457,153846.15384615384
3,3,6,9239.394678292376,3191.3406691866935,282.9289077468601,1406.6718806180654,459.7421611778427,469.93257836720807,2064.808343975428,1499.248092941975,21978.021978021978
3,2,5,1305.5138072721895,9343.310903166759,2722.400807467239,1473.1432196266342,3178.2874014396075,1001.0137858901087,1687.9650221941467,526.3612655499445,68965.5172413793
3,4,8,7276.782405221559,1542.4065126060475,3860.8988500114915,1415.811619920505,1285.8816334522826,1071.589952743155,2703.302243570895,5225.323354314965,35714.28571428572
4,9,15,3676.141066352957,9409.924241249628,2328.6390971549995,355.42674587543155,1844.5141424771978,1982.6074019807988,1746.9768770088328,3631.855661372276,111111.11111111111
6,6,16,9319.565758388773,4164.60418515671,3759.925355725749,668.8516179061943,2804.6867562432262,1220.5362363238416,4165.34952243354,5387.687350586318,23255.813953488374
1,1,3,9739.52420648831,1912.7874560429486,398.57994128689035,781.5594982923255,1463.3333971651055,583.7168059074922,5025.962233470399,3742.8932511137664,22727.27272727273
4,8,16,9498.398402020905,5372.8458326769305,1791.414612481813,1628.4306945910596,415.0254933575194,836.4661385576093,4169.315933102815,4936.902103774334,55555.555555555555
3,7,7,5267.9279499171735,3310.989109484571,1188.5996056557944,629.6437575876507,1620.8999786486916,759.6471414979455,5016.362504596356,2806.170834788828,83333.33333333333
1,10,13,8758.38385890382,3563.8561176573057,2977.1196669267733,500.339431347686,3788.904614238353,3897.6918320667332,2623.156108361855,4599.215615214305,71428.57142857143
4,3,9,8600.944586815633,3765.609684336579,3928.928943889537,1919.1512361723828,2638.590709734521,3085.3115262901997,1275.3750359696207,5513.032214583194,20202.0202020202
6,1,6,3871.904259189301,8227.23308049397,1174.8142372881416,116.84024171559092,2751.6207649353864,3877.493568024335,4532.525305426516,3603.8885968443547,32786.885245901634
4,5,12,8460.239267356095,5852.45149007729,2685.863485601483,1995.8596257957586,2602.6721838230314,1871.0138487300524,2418.6572287927015,1412.3968431493252,57142.85714285714
6,4,8,1333.0687124394335,3801.7692924040325,952.7710044870123,1385.9604678290518,956.1701280458599,1257.8002303180951,4159.116621283142,1905.2666441691097,20408.16326530612
3,10,14,6366.428906338477,6493.004049798265,2348.254967372118,1674.0916689533226,1789.6686835886644,3233.5141493949095,1915.606075097888,1512.4096306254721,57142.85714285714
6,8,12,3070.0795355893274,7445.356068008742,1962.9434494156774,659.776853057767,3053.5712337806094,1439.7648885563576,854.8859549173668,1782.3993545361043,57142.85714285714
1,1,4,2085.1019719955093,3453.6160066018037,3893.620252599841,127.19902756741396,585.2170107020047,1337.6568200803233,5958.4580547314745,2115.9265163658033,36363.63636363637
3,10,9,1692.5788146628825,4721.941913728164,2512.403636246573,1501.952085266907,1255.8405491409067,1083.5227703897585,1274.728444411356,3508.749205817855,34482.75862068965
1,1,3,7266.598982903258,2096.974840032528,1528.1242139299113,1684.874734301284,1250.0126121702438,692.7801172520943,5935.157566195494,3692.753124997463,21978.021978021978
5,4,7,4058.8746739125954,2630.344145812123,633.5639825741468,1506.9046507116864,1841.6719248591228,1174.5596318637106,5872.767622372105,2788.398584554422,32258.06451612903
2,8,13,7522.900943758853,7130.060685684845,774.7379491927513,371.41554587159334,3925.4012155803034,1550.2150442007733,4845.381381885022,3846.356366996678,166666.66666666666
6,5,6,1588.2070671904812,2632.9451292606427,1056.2043338146934,1531.5130522882412,456.50967739852337,2761.1779909537754,4092.768587659187,856.8195834236492,26666.666666666668
2,2,7,3837.613040475493,5726.4704530035415,1153.6733130931323,1560.9532860045178,2171.063778646261,437.746400433916,3635.719481406074,891.6141275256958,39215.686274509804
2,6,13,5855.421631378035,7381.416355501894,3432.341019796324,1351.2269797731042,881.5857916463996,999.9263707283033,5250.168654115874,1362.2449780028871,71428.57142857143
6,5,13,8116.508483550671,1961.8923078526946,2332.646595473595,1555.6202723116137,3888.5708725570275,3274.28983310837,2020.8613210691321,3301.2339890259304,76923.07692307692
3,2,5,3868.7725263886296,6105.809976660132,2188.885463222592,1707.250735387691,630.5533179643638,758.303309618329,3019.014789915311,1598.3702007105558,47619.04761904761
5,3,7,6633.0223879330815,3309.065053312274,636.1217131030263,1265.8478170511712,1733.6838089740465,1502.0515567855816,3868.58382845241,1986.392659558433,23529.41176470588
1,9,15,8973.799734125685,9666.341877138218,3468.530834727853,268.3489565423902,3003.9629423715037,3485.703903060932,2702.66666486915,2641.7518825687666,34482.75862068965
4,7,11,6542.768693640741,5351.910820479323,2946.6943521922385,1026.4928383677006,2877.306826504292,788.7161823450821,2793.9241429055005,4946.450294458126,30769.230769230766
1,7,9,3096.635272782704,8253.932947976424,457.139775220006,247.53373587604963,1806.3688201969424,514.3999753491216,2249.5941380116724,477.6279611120167,27777.777777777777
4,6,10,1219.6070340088422,5952.038879406356,2889.773369473121,874.3317589616186,1516.791838220329,2041.244381304041,3559.6981734334013,4036.521393325085,166666.66666666666
1,8,9,8830.889865108367,1390.7127956933725,2265.445225902055,873.5023293386924,1710.927038500908,1349.1941428584382,5163.217356884649,4145.708573827837,34482.75862068965
6,4,6,1191.4246976534844,6698.3623803462015,510.55631383775733,225.41870386645903,1204.2498000028293,2340.9517850386455,1528.558916835352,4872.472369997165,31250.0
5,8,21,8872.315054157794,9562.630079859913,1941.5424378088944,762.7590145420106,980.2651670858394,3254.458583837206,5632.825017019271,5623.4164587377545,57142.85714285714
4,4,10,5760.434206244908,6414.506381316981,2041.8458910941783,310.89638770349814,2035.5508507237819,721.1642549804241,4258.890860990086,512.771954116023,24691.35802469136
3,8,16,9451.609286616065,8372.699734841111,829.9432526204478,1635.6468990175222,1220.4282730569078,2406.656521306283,5010.32999100817,1261.1887508740108,32786.885245901634
1,9,18,8189.049121962988,8957.858170135669,3793.652958601073,1900.6072493324943,1292.3543266095503,2120.933289481483,3514.667878728065,5362.559246713561,125000.0
1,3,7,9981.406994800038,3052.7179475403923,3429.9064116265154,237.40130299008337,2695.673041203317,747.4993868501583,4765.293527974755,2967.703948247286,36363.63636363637
4,3,7,4156.406339065391,2908.40355917404,2742.284881850612,1914.7188938542329,3880.4418604595903,2571.1942450101333,490.72222510101636,3561.7075780273954,36363.63636363637
3,2,7,7904.694600380142,6498.828899658925,1956.7231318023073,1092.8955387398157,2493.8213621256255,1239.8335878709322,4982.930378765397,4112.952340849625,80000.0
3,10,11,4617.378222483179,4699.256228260342,1764.7090580211323,669.1747881123603,492.5219748468719,2053.7704104672475,624.7776108780525,4202.772985175569,60606.0606060606
6,3,12,5318.880582735179,8558.751725800485,2673.699175173626,246.03794302471067,487.21773264545453,512.6348322528352,5383.5149076320295,5617.746258572445,28571.42857142857
6,3,12,6647.54916896533,9100.2081105821,2272.6411037462412,1051.1861093337936,3815.408239213151,1946.4194174117674,5954.991384536403,5982.91673750535,31746.031746031746
6,5,11,8863.094027677049,4180.792413724463,436.63780235116536,1609.5795345324225,1329.7050031678677,1364.5611785627173,2046.7777881899556,4432.881781213266,28169.014084507045
6,5,13,9856.751222793657,3131.8350307703386,2147.5100653272607,1443.4643068067267,549.8545471134066,3325.0486025043465,1577.7839152004444,2008.4387715488442,200000.0
6,2,11,7914.460724780664,8024.729637194756,3264.33374548479,195.42942178155016,2476.3694311714503,416.51916258999944,4686.034837605028,5326.613452848324,34482.75862068965
6,10,13,4759.901039506004,3473.2543199332245,1945.1115348684405,238.51348719901665,2569.865357503011,1790.7076446896538,1816.947509153418,675.637121428265,58823.529411764706
5,6,11,4792.213020493632,8403.528866623106,397.43499470622,865.4592370020105,2664.318316451015,1942.0394116994644,5247.149345764339,1694.0527760971786,105263.15789473685
3,5,12,7638.240714300024,4813.644282838865,3187.857157659326,661.0519386910921,1216.1277058586568,2955.023089936651,975.9185160818695,5425.360017796804,22471.910112359554
6,6,9,3148.9943119147206,7007.949093623234,965.1823721167026,541.5302138064909,257.4206000150051,2382.292785342802,1105.3490997244062,1834.6724808603879,80000.0
3,1,4,1994.267018182552,1859.8178245120137,1182.7591725745472,633.9085479265558,3867.0584039269934,2735.406881337888,5883.2487085634475,1635.6459338817913,29850.746268656712
3,5,7,4191.599418766989,6614.733922089157,825.8841430427244,1626.6172122640808,1153.3935736261894,3152.7872854766733,4173.497830312025,1173.5016415853845,24691.35802469136
2,9,12,3585.1509248867355,5065.909108635063,1454.8172465116907,1865.5333019005225,2768.8998945996805,3476.3712999011173,5142.568456802135,5211.025842822733,52631.57894736843
5,10,16,3666.7730841039106,6279.476168579266,3075.655721616813,869.695119602376,2885.1935055390963,1392.7268875453879,2216.244513168501,3200.326251470085,133333.33333333334
6,2,7,3102.4697594491895,2512.1278697037706,2173.666266114962,1821.6109040517445,2518.0281849020457,2244.4862803828314,4188.308997315384,4179.401937103266,80000.0
1,1,3,1378.838706727257,7631.8637044976385,978.5488417727078,710.8418323709757,1389.0480980118632,3392.4106980689594,3727.754232928144,1738.7717508201658,68965.5172413793
4,10,13,1160.8654126007243,8765.173697889057,3535.754296977755,1005.230274053204,1230.1657643034498,3959.914297667214,3777.640672688503,4645.026357662813,22471.910112359554
1,9,14,9889.501507624283,2950.6582008169808,3542.411048815811,529.4550958503994,2471.139474270272,3580.1733819662995,4222.181773411241,4656.0310517877515,25000.0
5,10,14,4849.958203622761,1861.4309996814554,3508.1980151748267,1316.9044801341036,3491.163407724428,1611.5755979726316,3622.011369522952,2150.548939486481,22988.505747126437
4,9,10,4458.939824437134,1212.7472744170275,1107.4256032498492,1960.0641188321367,3797.588169908903,941.6327654308716,2802.749268094929,2699.822744857584,38461.53846153846
5,9,16,7116.8255442376285,6777.743503989394,1914.7095078877546,1246.6368824824194,602.4420567342789,2059.691642145037,1945.167088531062,1574.2655536091247,57142.85714285714
3,6,10,2964.284990785577,6463.846324799027,3942.9606933353252,779.8467598157428,788.3487278713354,3018.2375169769603,4704.055453113931,5868.741730608263,20202.0202020202
4,8,17,9549.650655552028,5920.27671442663,3133.6474099779634,1330.853147382004,3789.9977833757025,2071.7624688625306,1667.1256080178428,4015.374431527105,22988.505747126437
3,1,5,8077.105129739969,3087.5238650437786,303.2362006571273,333.54928908423636,2998.833867672212,2036.08728059194,4277.18411446472,5633.445732006887,25000.0
1,10,8,1804.6990208103355,4518.153963149632,447.7774467898698,1788.4522525042573,3555.3765343531377,3385.2756001108423,1706.6638068362292,2098.959044323146,47619.04761904761
1,4,8,4758.226982064356,6350.287016675557,1962.9392318868643,1055.859506481689,970.004009714304,1573.3343604553081,3901.848951744941,4778.589112782583,57142.85714285714
4,1,9,8912.064768059481,5470.9017297325245,3655.0367822739286,953.76450987532,2432.826310215727,3467.2197642842534,4583.638295922562,4688.808405754555,37037.03703703704
4,8,20,9502.588200622693,9890.069681933985,2247.066832220314,1213.1430980616865,2864.3304587864,1745.8582436165493,1624.7977778766196,4273.2716504526325,21505.37634408602
6,1,7,5206.613601248828,2227.957773010598,2091.687530530303,1287.0893392998648,2784.4251646984962,1447.2858015776897,735.6824848233264,5807.578261494083,27777.777777777777
5,3,9,6520.702502896369,7256.300986428344,600.8000598351962,236.37403183037475,1750.9764252934528,1925.161662558856,1133.4529607673746,2603.9098821953667,26315.789473684214
6,4,10,2503.305514828677,4638.868912938629,2695.7643979523173,1396.9727203244647,258.50058842697223,3097.2984429645003,3793.5830167177423,1132.017012102641,32786.885245901634
5,8,19,9920.517635232789,4853.796534330532,3323.9920102808564,559.6701925995062,2415.1190158562003,678.8077058831783,5156.899874864119,4161.56961176674,25974.025974025975
6,6,11,3085.0453124509904,7458.379890923587,1645.5960285287367,1456.5100017625205,1161.7858488825132,946.3930203136662,651.9821989183765,4484.134882672355,57142.85714285714
3,10,21,9484.58596721613,7231.925361919327,3147.3250335162443,1662.8161093299739,1910.9661353429833,3815.4903375197496,4511.247050633219,3620.339211369362,23809.523809523806
4,7,17,6846.819840931315,9921.303943319694,3865.011284823084,1627.5211643497887,3838.807857318506,866.8681840491581,2311.384417320292,1558.1802015470191,181818.18181818185
1,8,10,6469.631153909731,2155.5486050871273,974.3125446852185,1149.7518380749893,1716.3342070412518,2357.3638081380077,3079.758871549326,3224.9532733483898,86956.52173913043
5,2,5,5614.196599148578,1936.986844457497,2188.6525985400167,1088.3227953904272,3391.2461053248217,2401.394973315364,5601.613479135168,2148.2625247871247,51282.05128205128
5,10,14,3076.028305459828,7519.04935415867,1291.124240721387,371.4643265448823,916.4543018471543,2060.57295579093,2259.0404265207344,2793.8125577334586,34482.75862068965
1,8,8,2588.7522880495744,6205.482253057681,3212.84679232859,1573.1576857659577,2755.3498924951095,2650.031944591911,3005.8868300611216,4013.2240247301174,95238.09523809522
6,3,8,2984.3758816315785,3467.4459990382525,2394.8547903483986,615.6778228487573,3912.626426867985,1073.34155803095,476.6215226598142,4573.2025590686735,20202.0202020202
5,7,9,2677.9443592982907,1714.7743209008795,2611.4131866911544,1043.7213033540984,587.1937833171598,2300.1166175516432,856.9528320270948,1700.4582690475213,37735.84905660377
3,3,9,8016.260262100779,1770.924246367875,3232.0738065403975,640.1207765622818,231.61578046332966,1614.2583699382092,1848.1129103547905,2669.822019622938,47619.04761904761
4,7,14,4151.12733250057,9047.717871977065,1704.6877961173284,354.273889699417,1847.6146120039343,2714.3355865909184,555.9725485980167,1907.3047975531235,90909.09090909093
1,2,5,1520.5840890705672,2726.805922468686,3677.342259946764,1296.1596240942995,551.9768355951953,736.649464817968,3935.701825870205,1512.3370376264668,22988.505747126437
4,10,16,9721.923671267301,3910.3440590396867,2225.509695535332,203.23086616351728,3043.860528769679,2369.33418399001,2787.830798089086,4786.968431976695,20618.556701030924
5,6,13,8954.072964670831,3039.907620042892,800.2283267743225,1522.4259448397802,3675.284922624524,904.0273504566301,3469.6131352769235,5491.815088847158,57142.85714285714
5,3,10,9349.770548756916,4194.966752487436,2844.416649041449,703.4149109961216,1849.2796962932835,1258.8436398371382,1378.0242410194455,2473.3002398336293,66666.66666666667
1,3,7,9954.170403817918,1624.8145847148403,3214.393131665367,100.25591670852212,1183.1042401906755,1031.0972412296162,2057.21936484505,4607.161976493095,54054.05405405405
3,9,11,2565.0572429753856,5671.538118174434,1403.6943728566011,1071.1453645507365,1850.732612225117,894.7835635015049,4117.417059175261,5423.173620440702,35087.71929824561
2,7,7,4566.178170123929,1608.5130723299342,3457.281176595261,189.01862620244594,2949.1017078300038,3337.7016159305344,5805.69525233024,5138.295578969297,40816.32653061224
1,5,8,7824.1462813368225,8203.208570401255,3643.3443681099125,624.7221598597089,234.40581400540972,1285.688757111383,682.3339321723715,1423.7549758196653,26666.666666666668
2,10,11,7264.18556248413,3103.408737193897,1252.2370520356737,1443.2553261658607,2439.9251600418493,3723.0703710849075,5386.1521967894905,5755.2345364748235,24390.243902439026
6,7,12,2385.0631570586957,5860.107231440596,3937.381596317844,219.11028108154514,2530.5084025720403,3885.7207963117253,3630.5347273427674,2509.3880664049893,20833.333333333332
2,9,14,8342.498124915559,8920.711788053124,734.703806585282,1694.7431354764044,2623.215338204555,2370.78978576097,3557.949573831492,2299.7477025734834,22727.27272727273
3,1,4,3019.9651465299457,6857.896321424748,967.6595399294619,107.25785305130792,1119.6839039273334,743.4042661297605,3201.5597971634575,749.6154327555698,23255.813953488374
6,7,11,3014.3585334036075,5796.620078962018,900.0543891044993,568.9653514836143,2913.4003488368817,1623.2833248424088,788.6068810634271,3122.5724629873444,62500.0
2,6,11,5832.769806040722,3919.0037780383805,3597.1608980299075,1507.7177066889358,547.2876480607504,3231.3826007232133,903.3103697224998,1010.4762475892009,22222.222222222223
6,10,14,6336.459413575329,3997.0172175237813,2686.311698834855,700.9132844856828,957.2272785738431,1596.0847690488674,3765.107231690882,1791.8229971935853,35087.71929824561
2,9,13,6220.775870540301,7025.382596783711,777.9962762446369,293.5955373254257,3534.3861772870314,530.6654295505973,2309.3680000391264,2174.8786818967756,181818.18181818185
3,1,6,1823.3815365797939,9947.254250990507,1873.2289897997262,784.444445720813,3007.147972760952,2315.782661527114,5536.701172835012,4929.427411553431,21505.37634408602
2,4,8,8897.147763673423,6956.552708644407,2538.132495265248,613.7472441305985,252.23310524311194,3411.459235684932,2676.9070092130446,5302.73644221702,68965.5172413793
2,9,11,3390.4003832983544,6020.050756330224,517.1635229596565,1701.1526141050545,1143.8297894052407,3224.520271145309,1202.37616873479,2093.81137778423,29411.764705882353
2,4,9,2165.6342915452374,7575.854592153215,3553.182199947887,695.3610434117719,1014.7446353740253,865.4679324953422,4402.425467611402,5208.709478969614,36363.63636363637
1,10,16,8998.732718820793,5186.850510553463,3253.693434677834,1598.9716963744138,1229.0640465404956,2756.505534767374,2042.7791600696553,5200.493249270829,166666.66666666666
1,3,7,9600.86348406778,1541.281083407067,2119.7857395912256,1794.5570751403961,1140.7271270635683,1037.916201055459,3342.6337211930013,4682.045322155292,31250.0
1,9,15,8759.148555389056,6060.671342901189,3875.081137984848,924.2530971954061,437.5999238228138,1029.1886312982544,4307.863598828952,1221.4926384850164,95238.09523809522
3,2,8,8285.644672523902,9618.627560548422,1787.4917212453786,1828.891973323345,1943.973963067917,3521.472738559704,5441.479022731594,4265.807942644083,40816.32653061224
6,4,11,6897.177825751195,2577.726481218937,3939.6192123386913,816.9043025300663,2984.387204187428,1148.7420204128746,4836.270690889386,5692.134761651185,26666.666666666668
5,6,14,5957.716335482254,7210.0440173859915,2738.095995453783,1931.7489913312056,2505.5805539262583,1200.3399167684422,4187.621980087255,4222.226681096079,22988.505747126437
2,2,2,1782.8808392026913,2808.403197931508,2611.750838364978,269.65009659858856,2756.912340672703,202.4828848929383,4205.945821412804,2257.05435500387,80000.0
2,8,11,4676.078917636289,5822.449160257731,830.628602123983,1405.3366063561612,508.3668784377088,3508.5423296769673,5697.178006579685,3203.244177612655,21739.130434782608
3,8,10,4354.1966531108255,1870.0880468204766,3551.325481557647,1038.2466768681645,3815.6646986717915,3211.860290194712,2056.6149459806015,4016.0602427659,46511.62790697675
2,1,5,3337.784053842936,5053.338426323667,1824.4608140983373,836.5327303657294,3386.2689686034946,2583.8499533445765,406.2277274986495,3259.1942888796198,37735.84905660377
1,3,8,7510.781023197264,7805.469960057215,816.4869419734215,1302.1525696223416,3259.3432102835186,3051.0099029676007,1922.9455326299126,1071.736473693431,133333.33333333334
5,10,14,5462.881615708938,4128.143718150839,247.90857590788437,1437.3284741052291,3327.3384591587164,777.7845562130688,1620.1917259097663,2147.5586500513155,23255.813953488374
4,9,10,1729.4159431688313,6984.205520384962,2327.071597825854,108.29021233558727,3744.2999309044935,1941.6296594327864,4106.27367663839,4893.417771100342,27397.260273972606
2,5,7,2981.648817548302,8159.049647107562,2204.11856406617,417.2108686196776,2268.165071232051,1534.6336719253673,3948.784958686962,5223.9410581348975,64516.12903225806
1,6,12,7149.328872936364,9344.600375315074,2933.5437650028025,1454.7874962052056,961.0716678969784,556.3507997766626,3723.383743146453,1168.880183207193,74074.07407407407
4,4,5,1685.1777354127018,3111.778736699082,3582.9806014676483,1366.1322857985922,2543.7777098396564,2047.2958438167118,490.96328197294076,5733.365813432858,95238.09523809522
5,10,16,8660.86222643892,4593.843242283773,501.7450216435122,1935.4902597444868,3022.949675938168,3698.8106713020143,4481.157104923625,2241.406659952212,32786.885245901634
4,2,5,5456.318743125768,2371.744119973757,2979.686663293377,1545.9718014764876,3004.0860947452966,352.22465239263903,2211.7703099187524,4108.956936892032,33333.333333333336
1,8,11,5325.279195939832,9932.351519425376,912.1653875708124,1906.4681446895422,2181.5062918341446,1307.5514712764166,4124.3135384371335,4610.2208173574145,25000.0
6,6,18,6331.670061935658,9343.008711318658,3461.072801997223,1434.8269529161332,460.1431334675966,988.6555575816731,3516.8391996120586,4946.898913972147,35087.71929824561
6,5,14,8422.128693326344,5859.614172525036,3312.4413526742933,666.299196414942,1610.2291660344856,1104.9572839296459,2319.29318239628,5696.198332465209,71428.57142857143
4,9,13,4130.282871119737,8578.29964938779,2255.016268945069,300.1933522766273,3698.9131121607575,3652.051297141626,1153.6270957830036,2152.3494689614067,133333.33333333334
3,1,6,7102.145373031572,5688.621795448379,2898.9226347685835,1585.4653403553775,2420.905857078219,1978.6624060903025,928.7458268986934,5207.636145488706,21505.37634408602
4,5,10,6091.58767596212,6612.271192024838,1394.5304300982436,1323.8835208042403,2245.661384371711,1971.9377691713114,5056.502665428452,1137.4466592427593,55555.555555555555
2,6,5,3403.254431524792,1802.1198890441497,1990.4380159446955,191.55342354726284,1221.6433546523353,3090.187441330073,5543.026235656725,4348.229075580119,32258.06451612903
2,5,13,8907.669877196422,7797.433784471272,3322.2202112997925,784.0958852118588,1600.1058956829997,787.070375218718,4038.8130618800774,4555.075285278322,35087.71929824561
6,6,14,8176.8341944623535,2149.4213527171137,1945.2077492582127,1917.9196494201437,3602.315138782043,2051.6083455801927,979.2310432187069,4195.250150727395,125000.0
3,6,14,6926.066511925829,8434.608672272756,1559.6334082366786,1050.7621768493823,2732.5595806019755,1833.9438136600268,2651.3524145741476,1812.9625223568567,29411.764705882353
1,7,13,8655.235561848176,8038.252789033473,2078.0072995511396,922.1853584374387,3192.070701658865,2468.2606240772934,4482.059520588881,5289.041623285139,25641.02564102564
2,4,10,8805.647808638221,7378.702279686788,3347.34715926143,969.6292498026585,1926.5126076570893,3998.3192723516663,4766.9969504563815,1345.607394874212,100000.0
6,8,10,7375.266790435314,1325.443424722859,1473.7905800093163,496.87717560981105,2594.9394339334,3123.905797511779,1062.0242848300961,700.3548325166527,83333.33333333333
5,7,14,8533.119955273047,3728.155203507957,860.2940539158263,800.5436246431108,1143.8577132241885,1711.8896714662233,400.17202553414154,4417.803947426708,27397.260273972606
6,9,16,7277.243155023552,3368.013129197586,2905.6532772569667,802.6451863756355,2880.751155077248,3344.7015986413785,4387.9674569313875,3062.6640053033084,166666.66666666666
2,7,9,7121.266945842704,4241.227667243672,3338.717208290711,199.47453835619754,1824.8850680726816,848.6917805874248,2396.9385855227515,5154.948911768586,25641.02564102564
2,3,7,6567.502403936658,1788.7847208745468,582.4224183894266,1558.3784941840447,1881.6729562960331,315.76200797404846,1825.0954570622575,2547.0239899262497,62500.0
6,3,11,7774.449756018771,9432.620407279564,1111.52162847259,891.35842061737,2667.4248333921505,976.9038153642375,472.2258308213425,1342.3600956431917,32258.06451612903
1,8,10,2427.4459476376633,5984.220166411386,739.4935610917768,1662.1417849512043,3757.8663615819214,1493.5639132341867,3425.6766778643982,5084.07627783127,43478.260869565216
4,5,11,8927.836832790355,3749.718795922212,1522.177364012233,1715.6612021278013,443.2241171127595,2140.206878346328,5166.444118385498,3473.8939371844012,111111.11111111111
2,4,7,8846.591749707088,4572.83365366855,1911.333719840568,502.78870392745034,3334.024301918629,2537.4907340565596,5762.737219126492,1459.496437385987,83333.33333333333
6,8,11,1263.2255473110324,5024.822864543521,3045.5400804605647,1348.9716161232443,1311.0558195663339,3660.3017254148026,3568.1717234344196,4434.150392084097,166666.66666666666
6,6,14,8432.350755082865,6405.3490002455555,2674.3608225503617,997.3354279096652,1886.8939271242355,2137.445236291739,3280.983435343407,3262.2363755412025,25316.45569620253
3,2,6,2159.8288072610067,5641.11484926848,2559.5285564180385,1772.2978020508215,283.27064934503403,2104.847449577772,876.3157587397501,3784.152700545791,76923.07692307692
4,4,9,4016.069688332277,9274.527758929755,1539.0247971166866,509.90729043526284,1343.9750957703893,390.92343732733207,3473.6876886385585,2981.030693956858,57142.85714285714
5,4,14,7691.5743066244695,5472.671346152472,3397.500701722088,1387.845080589084,2109.998721994496,332.6639000936505,2527.8828422062097,5040.770309380836,66666.66666666667
1,6,8,2446.8390644347737,9929.422133409813,1990.8912361130253,1254.729032280173,413.4690939202683,2294.407855282214,3799.9575729480302,5045.5512078250795,24691.35802469136
5,6,15,8361.70321707156,8662.824619705862,3920.598764457587,661.0728073864822,2066.1637716560276,1865.0787303437091,2576.867548108661,4372.577402216563,66666.66666666667
4,1,5,8489.207601619677,2876.5946292160224,2609.7401255238,359.54171693722793,3723.020389662024,3388.8855009251347,1745.6750913220537,990.2477134201887,100000.0
4,8,15,5567.209603847526,9375.356931795246,679.8060179451104,1338.1155449068256,600.4942288096597,810.5824219050118,931.8055412789083,5097.581626662785,42553.1914893617
4,6,5,1057.4728454515023,2047.2975809692846,2769.4747358866493,1503.3351704514284,3104.8747666869162,294.8923160447885,2163.5432896978164,4157.672690984295,24691.35802469136
5,3,9,3583.343198574215,8357.047376420724,1435.395258640456,699.691953150365,1756.7500028287718,1906.3473181344782,941.2110720114127,4303.335329624077,20618.556701030924
4,9,14,6552.34226538168,4425.60964128922,2808.04334740717,1325.1819476423964,2689.660115192484,1102.4185156585784,1390.62292461431,2432.703906261681,45454.54545454546
6,2,12,9830.675602246813,8901.768884005627,464.63636301714183,850.7487244618561,1188.8990723438715,388.53461868758234,5929.0824880454575,5323.965514479237,86956.52173913043
5,8,16,6686.321743150016,8812.510210967053,864.5494612686457,1455.0930782369737,806.0705976571613,2953.47349002099,2886.979918677064,4462.080961315202,86956.52173913043
4,10,16,3338.232229577438,8253.32860105859,3451.8015838419883,478.50902229870087,809.7579342306605,624.0533998375404,3378.4818924280926,1030.506612563489,105263.15789473685
6,3,13,6706.051327896503,8110.2739267635525,1063.2823166893565,1791.4085050087315,467.86939344394966,2511.6141000295324,5292.263760928406,2683.556992674511,95238.09523809522
3,5,10,5859.8684174427,3742.112251882367,3380.7562759231723,646.0782332846014,905.4574786247234,1267.9890506341787,5975.185842747852,5363.730026976794,42553.1914893617
4,6,10,8018.608556360292,1728.2735474612696,1261.2491361267596,798.7933767366904,2724.0336629580793,859.2849913490836,3663.2009163302164,664.3015295053224,46511.62790697675
5,10,9,1962.8257494426257,4626.821608886453,2642.951258223089,210.37470895266458,3550.4243250053305,1643.0557870934063,4949.8533978473615,5783.933069995477,40000.0
2,6,10,7849.2511225182525,2561.720634878578,2837.772179337358,311.8732034104251,3293.677605246415,3245.493949647224,2230.8697362853814,4203.310382589551,105263.15789473685
4,4,9,5871.399208084992,7254.559800122156,2148.088061951201,1080.1376151534234,2803.5103775230396,1689.955592237376,2112.1661617048303,3935.7054748029086,76923.07692307692
2,3,8,9666.92803473095,4114.89753884007,1360.1805714475788,608.4260857831458,619.6410809621901,3052.924667002012,2655.140837569537,1915.1318363327516,76923.07692307692
6,4,11,4076.849494348175,9780.491807739234,1008.0486302101652,1687.4124289101692,1298.9122959246092,676.8479278367726,4166.040670972435,1793.2340169393917,26315.789473684214
3,1,6,6693.597038205534,6768.748696107988,326.1195473372197,127.91743844441231,1377.266126225382,3136.5313947273007,4220.273459828552,5675.526029136135,28169.014084507045
1,4,8,9388.252949590158,8402.325072709249,1354.9963247147502,820.2786924766788,1149.8363963109605,1100.3466346452649,2165.3408340369247,2070.3257437110874,200000.0
3,1,2,1922.5875519161134,2192.722054676636,2682.0186040188755,740.956538861276,2157.021506896948,2774.0938935777167,1145.9755751651205,4742.829661626397,95238.09523809522
4,1,8,9435.05638512806,8758.130340453603,3765.5583101042344,136.72249874344197,2235.104496542756,2349.969908395786,3941.4190362068475,2601.482069959643,153846.15384615384
2,10,16,7190.97150070732,9304.81471462055,3510.5770325995977,336.29995810096943,1556.1667056502185,3730.749925404412,1118.6248282570812,1179.8227963943423,39215.686274509804
2,6,6,1610.533531946547,5383.5572693704235,3111.04615083415,885.921082345407,1544.3988031984568,1671.8255683061932,3639.558046084248,460.00566709401016,90909.09090909093
5,5,9,3708.672102521346,6456.276439758797,3196.0999043625347,1036.4427104501485,3348.5112720431093,451.4277175708737,4283.16391711533,3447.8410872854042,21276.59574468085
2,4,8,7373.548797807534,7883.288208126959,2726.942633208782,868.1505197842513,3199.312823614805,272.79084509476104,4323.424379808929,5864.361383874023,21052.63157894737
5,3,4,1606.1554132189453,2573.547645343713,1189.0900587508113,1108.7815889829785,1369.6241603868334,3342.062531696462,4619.443819693742,2467.1626853315447,153846.15384615384
6,1,9,6239.53414158646,5523.0946881709815,3647.341116682154,1230.750182320795,3672.3960867183855,2193.995423113442,5288.012760767722,2400.277070361051,21978.021978021978
1,6,6,4112.94751257661,4587.967249950818,2748.782785242169,118.8552601428877,3820.6970646095233,3145.9273969728074,3199.770355002815,2326.9130599568757,25641.02564102564
4,2,6,6588.239659907294,2317.3659294602417,2329.674397725672,981.7808029616573,1441.6216597141552,1090.817280043756,4489.395461365599,3315.0454889072066,71428.57142857143
5,8,9,1411.6783043126159,4307.809800623783,621.7599830112282,1930.648557686418,1546.8148054136084,1511.3182329502881,3867.3673180486853,2867.7233471760437,181818.18181818185
1,10,13,8843.831255371386,1613.550784469442,1898.8110664644164,1086.1613322461426,2121.409783003444,314.39471440301196,1445.1836628670223,5327.521909671282,95238.09523809522
2,5,7,9761.400722596572,1232.3071625453829,1949.3614305673198,1387.330308172011,3776.2590876279596,3853.670833381626,543.8620112686857,3230.9164336515455,22222.222222222223
2,7,13,9719.900697571224,2216.496602393405,3485.341716186146,692.5413300420781,3530.013845940784,2737.898045463091,1993.4317597908291,3243.4438938559847,24096.38554216867
1,10,16,7746.866485686322,9668.036004302565,2277.263236713596,1570.583618490249,589.7582578176413,3746.1793334853633,2880.9887554906686,1174.8809304351169,133333.33333333334
2,2,5,2170.776161175688,5945.765823055152,1645.5220860875565,1568.5508155646187,1692.3768244313815,1208.8863482304748,3855.793288800475,5903.341429098162,117647.05882352941
6,8,22,7824.3687633612035,9692.39945037898,3911.8412483405054,1090.4624905428639,2302.810521049133,2523.561722657511,5159.7722508179495,1799.8481888654462,33333.333333333336
6,2,7,1221.2822481292137,4892.480904971188,620.7382546399996,1954.426264230506,2111.903395695852,2778.299879512024,1498.9760135545275,810.8387777737748,100000.0
1,4,6,1199.1119637609752,3806.3451977673362,1805.6840275853895,338.54540804904144,936.6796581601922,1406.688860978836,1103.0788234314716,4113.618994261169,27777.777777777777
5,1,5,3912.491972345871,5555.2767655621965,359.69376565134013,132.2005632902039,3463.5037304389875,3422.8150930593943,5795.487705856234,3734.051672878487,30303.0303030303
5,5,10,5397.788713641992,4955.605197696192,3011.6356589143356,1563.3006023384823,2772.374975387982,3799.213559020942,1005.0495325078797,2724.815662359376,95238.09523809522
1,9,10,7933.666760270139,1950.9821583556952,3688.6908983567723,1633.595520993277,3384.0518244368536,3562.4494472448164,3079.549992600259,2764.276509731797,24390.243902439026
5,1,7,7149.6583894585465,6767.436832211856,1264.1418522918598,328.3937353290949,3463.304261527994,3008.454508569616,3679.1568812424903,4796.357957860015,181818.18181818185
5,9,14,5013.124357390735,2944.3436425863965,3461.6983718366596,604.6073826213515,3043.752243929811,1254.3657829548251,3431.6967570816537,1495.9907845580344,117647.05882352941
6,8,11,3462.639996534993,6576.291594080466,1310.4292757552114,133.34949039659494,1869.0002847489259,1270.1409600014003,881.7800793844818,4993.418586091383,100000.0
5,6,16,9974.1205014194,6851.80983158338,3660.9266142468778,657.2863604830728,2520.0776690586135,3860.769217694944,719.3507184202684,4032.9838378121012,32258.06451612903
3,7,8,4835.631720123756,2368.223678157833,3065.055233667779,1568.969560445476,809.3885432550238,239.0810845556297,990.7071937817997,2746.230733165336,105263.15789473685
4,3,7,5062.48321896708,1552.1466439960134,3258.645751997467,1084.1250026539,2759.852586404649,2920.9898983201488,3679.29102968663,2964.9602528696637,21276.59574468085
2,1,3,2472.6143907250225,8026.854274615958,268.4249112817271,761.3816270197473,881.1623718092669,2883.7354177099965,3448.331370752198,1837.2243602421365,21505.37634408602
3,5,12,8153.2859387493645,5138.203813923882,3858.6793568812986,806.3046603220275,2837.008443938596,2566.22025560923,1708.948435405768,4611.840263103059,117647.05882352941
5,2,7,7243.140032033398,1523.474159549282,2961.3497698672286,102.5718888593895,1072.4730108650808,3962.41361513009,3971.5351943353126,3272.098556909499,44444.444444444445
6,5,14,2986.9265150988435,9953.796854527905,1358.0541624673067,669.6210023739482,646.6949405708359,1385.1418559021558,4992.378011511637,2196.785439399124,23529.41176470588
1,8,6,1741.4294105425843,1520.0250489672997,3351.6997264636184,1328.2716091120678,828.0810625432382,1491.893082414343,632.8421751409251,3737.8806482613213,86956.52173913043
5,9,18,7124.493718672417,7255.317059726979,1269.7805539767337,1950.9694432510785,207.57011383246703,499.9697311969111,3189.5276838690374,5976.11293148741,31746.031746031746
6,2,12,6890.600928530217,9853.110327370721,3516.464590351286,1709.415571269409,2931.210547843415,1882.632918866202,4260.138307775065,2837.4687660767013,21276.59574468085
4,3,4,3459.335742983884,3152.620937943331,627.8054835653606,144.83043282650536,2983.1239864218405,1191.9843996924226,1812.9467915902478,5555.871844360269,21052.63157894737
5,3,9,9557.772060253694,2280.2443181847652,2874.0067143510237,1807.2651488821948,2156.746729670386,1504.869468275048,2123.517069641635,2332.0943035775704,66666.66666666667
1,1,4,2359.5210260281024,2092.46445480186,2254.654211250659,1588.0769852673893,813.178644010458,3371.3728029713848,3836.3722567405493,706.503158779921,33898.30508474576
6,8,11,4891.013209383417,3729.47632810836,566.8309867426751,1582.714634784863,517.506482540621,3754.8411514044838,5428.437643284927,1543.7557956632015,41666.666666666664
6,6,13,9492.54328150839,1909.4122990958201,1119.196547383588,970.1919421067857,272.69007246169065,905.7856736197054,4935.576753696237,2744.6928026350315,68965.5172413793
6,8,12,4777.5458523351,7229.452075247187,247.13533785379622,856.2100566135554,829.8430724678387,1615.5339399031702,3665.5292269576676,1629.9556001295864,20618.556701030924
4,9,12,6746.73352897677,1560.6261831705642,1981.318268765122,675.5398847830659,3585.2510329359575,3728.7961360384975,4489.241619440596,401.27141402223106,20833.333333333332
5,5,10,4578.349581665148,5584.799153348108,1344.8079908880013,224.820232013295,1117.8399984663906,434.872150619046,2443.0058331636724,5524.008611386153,125000.0
4,3,11,3467.93682113803,9970.271684676793,2473.7584403314836,533.6471906380282,1546.2310434254193,550.9700068232384,3989.406957353043,5125.724702893202,111111.11111111111
2,5,12,9855.798831638454,8325.732425554168,1329.5036692927451,568.5469064582468,600.3128410290661,818.6057589836715,3010.616910314319,4556.836496326904,200000.0
2,5,7,4684.006056835387,6536.974944079098,1339.6926237265416,1019.7464324493831,1044.9729580430471,2461.8087696821244,1463.6423641623408,1339.7617356177602,57142.85714285714
5,5,13,9046.89283311221,3756.282587079505,3024.134155180093,1520.1443725337185,2173.0533689647796,771.7946298227905,4329.73433371264,1074.036026775922,42553.1914893617
4,3,8,3069.5914530197756,6615.062526624746,382.94277671774313,1000.2386739560984,2509.46019576348,3878.690249512787,3516.201969153403,778.5865970453456,42553.1914893617
